10001,在多党制投票时可能会变得混乱,我们应该采用多党制。
10002,它可能带来更多伤害，而不是帮助。,我们应该禁止自然疗法。
10003,这可能导致人们表现出他们通常不会表现出的行为，这种行为是不应该合法的。,诱捕应该合法化。
10004,这可能会对媒体和政府的观点产生偏见。,我们应该对新闻业进行补贴。
10005,它可能引发嫉妒并导致冲突。,我们应该合法化一夫多妻。
10006,这可能会导致嫉妒、忽视和争执。,我们应该合法化一夫多妻制。
10007,它可以为女性创造更多的经济支持。,我们应该合法化一夫多妻。
10008,它可能带来的伤害大于好处。它已经永久地毁掉了人们的外表，从而毁掉了人们的生活。,我们应该禁止整形手术
10009,这种情况可能带来更多的伤害而不是好处。有些手术操作失败导致了人们生活的毁灭，让他们的外貌受到了破坏。,我们应该禁止整形手术。
10010,这可能会给孩子们传递一个错误的信息，即女性比男性低下。,我们应该合法化一夫多妻。
10011,这可以帮助治疗疾病，研究看起来很有希望。,我们应该补助胚胎干细胞研究。
10012,它可以帮助一个来自破裂家庭的孩子，提供一个更稳定的环境，让他们过上更好的生活。,寄养制度带来的危害大于好处。
10013,它可以帮助改善外表，从而提高一个人的自尊心。,我们应该禁止整容手术
10014,它可以帮助促成积极变革。,我们应该限制司法激进主义。
10015,它可以帮助人们建立新的联系，重新连接旧友。,社交媒体带来的伤害多于好处。
10016,如果夫妇只能承担两个孩子，并且他们想要一个男孩和一个女孩，这可以帮助更好地规划家庭。,我们应该合法化性别选择。
10017,它可以帮助获取某些信息。很容易扭曲他们的话，抓住他们撒谎的痕迹。,陷阱应该合法化
10018,它可以帮助防止歧视。,我们应该终止平权行动。
10019,它可以帮助进行教育定位，让学生受到挑战但不会被迫做超出自己极限的事情。,智力测试带来的伤害大于益处。
10020,它可以帮助进行医学研究，进而导致治疗和治愈许多不同的疾病。,我们应该禁止人类克隆。
10021,这可能导致人们待在家里自行治疗而不去专业医院。,我们应该禁止自然疗法
10022,这可能导致社会中的性别失衡。,我们应该合法化性别选择。
10023,这可能导致陌生人以及熟人的侵入行为。同时也会使我们容易丧失隐私。,社交媒体带来的负面影响多于正面影响。
10024,这可能会导致停滞和缺乏增长。,我们应采取紧缩政策。
10025,这可能导致使用更严重的毒品。,我们应该合法化大麻。
10026,它可以使一些人更加“平等”。,我们应该反对集体主义。
10027,这可以为个人的职业发展打开大门，应得到政府的支持。,我们应该对太空探索进行补贴。
10028,如果卖淫合法化，它可以保护女性免受虐待和暴力，因为她们能够寻求帮助。,我们应该将卖淫合法化。
10029,它可以为妇女提供财务安全。,我们应该合法化一夫多妻制。
10030,它可以借助其他途径的资金生存。,我们应该对维基百科进行补贴。
10031,它无法被废除，它被宪法保障。,我们应该废除持有与携带武器的权利。
10032,允许有目标的暗杀绝对不是道德上正确的，因为这样做会使我们和肇事者没什么两样。,我们应该禁止有针对性的暗杀。
10033,以有针对性的杀人作为行动是道德上无法被认可的，这会让我们与被瞄准的人没有任何区别。,我们应该禁止有针对性的暗杀。
10034,不能强制执行，因为不是所有人都想要一名公共辩护人。,公共辩护律师的使用应该是强制性的。
10035,基于种族对单身人士进行单独定性是错误的和带有偏见的。,我们应该结束种族歧视。
10036,当未成年人接受手术而不是为了健康时，这会带来更多的危害。,我们应该禁止未成年人进行整容手术。
10037,这导致人们因小罪行而受到不成比例的严厉判决。,我们应该废除三次定罪法。
10038,它会引起污染，给人们带来痛苦，人们需要广阔的开阔空间。,我们应该抵制城市化。
10039,它引起了如此大的干扰，需要加以限制。,我们应该限制司法激进主义。
10040,这导致学费增加得太多。,我们应该补贴学生贷款
10041,结论是顺势疗法在临床上是有效的、具有成本效益且安全的。,顺势疗法带来的危害大于益处。
10042,"它连接世界各地的人们它允许众包进行慈善工作它可以帮助与他人交流的孤立人群",社交媒体带来的负面影响大于正面影响
10043,举办一个为期两周的活动成本太高。,我们应该废除奥运会
10044,这花费太多时间太长，发挥不了作用，我们有更紧迫的事情需要用钱来支持。,我们应该资助太空探索。
10045,纳税人为了举办一些他们可能感兴趣的比赛花费太多了。,我们应该废除奥运会。
10046,探索太空成本太高，这些资金可以用于其他地方造福人类。,我们应该资助太空探索。
10047,将太空飞船送往其他行星成本太高。,我们应该资助太空探索。
10048,在建设比赛场馆上花费太多，而且这些建筑再也无法再次利用。,我们应该废除奥运会。
10049,它有助于寻找治疗疾病的方法。,我们应该禁止人类克隆。
10050,这可能发生在某个错误判决的人身上。,我们应该废除死刑。
10051,可以认为否认大屠杀是一种憎恨犯罪，应该制定法律保护那些在无法言说的罪行中丧生的人的记忆。,否认大屠杀应该成为一种犯罪行为
10052,可能会很好，拥有一个鼓励人们关注群体而不是个体的系统。,我们应该反对集体主义。
10053,这可能对因医疗原因需要的未成年人有所帮助。,我们应该禁止未成年人进行整形手术。
10054,有些人可能会杀人然后试图把它说成是辅助自杀。,协助自杀应被视为刑事犯罪。
10055,这可能对年轻人特别适用，他们可能会看到不适合自己年龄的内容。社交媒体也可能被用作犯罪、欺凌或仇恨的平台。,社交媒体带来的负面影响多于积极影响。
10056,它可能被用于犯罪活动,我们应禁止人类克隆。
10057,私人公司发展军队并聚集武器可能具有非常有害的影响，你永远无法知道他们可能会做出什么或者有能力做什么。,我们应该禁止私人军事公司。
10058,可以认为，使用性别中立语言的需要是过于敏感的，而很少有人会因为性别术语而感到冒犯。,我们应该采用中性语言
10059,它可能偏袒给付款方。,我们应该对新闻业进行补贴。
10060,这可能会影响那些经济依赖捕鲸的国家。,我们应该禁止捕鲸。
10061,这可以帮助弥补因在工作岗位上所产生费用的不足。,我们应该对居家爸爸提供补贴。
10062,它有助于提高新闻事件生产质量，并进而通过成为主要分发者，从而使经济受益。,我们应该给新闻业提供补贴。
10063,它可以帮助指引找到治疗某些疾病的途径。,我们应该禁止人类克隆。
10064,这有助于减少对人们和妓女的强奸和性虐待，并能够进行监管。,我们应该合法化卖淫。
10065,它可以帮助支持新闻行业，帮助人们创作引人入胜且高质量的文章，提供更广泛的报道，减少虚假或误导性的标题。,我们应该对新闻业进行补贴。
10066,如果因为一件小事而惩罚孩子，这可能会伤害孩子的未来。,我们应该在学校实行零容忍政策。
10067,这可能导致器官黑市的出现,我们应该合法化器官交易。
10068,这可能导致很大的监狱人口，对州政府来说可能非常昂贵。,我们应该废除三罢法。
10069,这可能会导致捐助者试图影响内容。,我们应该给维基百科提供资助。
10070,这可能导致强制人们转变信仰。,我们应该禁止传教工作。
10071,这可能会导致未来的医学突破。,我们应该对胚胎干细胞研究进行补助。
10072,这可能会导致人类在未来进一步加强，因此我们不应该禁止它,我们应该禁止人类克隆。
10073,这可能会对盲人的生活质量带来巨大的改善，否则这些人将无法驾驶。,我们应该停止自动驾驶汽车的发展。
10074,这可能会带来对人类有益的医学进步。,我们应该禁止人类克隆。
10075,这可能导致人们被迫卖器官。,我们应该合法化器官交易。
10076,这可能导致人们被奴役其中。,我们应该合法化卖淫。
10077,这可能导致妇女被迫无意生育。,代孕应该被禁止。
10078,它可以提供更多的就业机会，促进企业的增长。,我们应该抵抗城市化。
10079,它可以创造一个更大的家庭，提供更好的支持。,我们应该合法化一夫多妻制。
10080,它为行业创造了大量的产品和额外收入。,我们应该禁止工厂养殖
10081,它会培养出一种懒惰的亚文化。,我们应该合法化大麻
10082,这给具有权限的人创造了不公平的优势,我们应该禁止算法交易。
10083,它在意见不一的人之间制造冲突。,我们应该采取多党制。
10084,它会导致交通拥堵和污染。,我们应该抵制城市化。
10085,它造成了交通拥堵和污染。,我们应该抵制城市化。
10086,这会导致肥胖和健康问题。,我们应该禁止快餐。
10087,它创造了就业机会并支持企业。,我们应该抵制城市化。
10088,这会促进旅游业发展并帮助当地企业。,我们应该废除奥运会。
10089,这是因为虚假新闻可以很容易地传播并提供错误信息。,社交媒体带来的伤害大于好处。
10090,这是因为它实际上没有起作用，而且可能使人更加生病。,顺势疗法带来的危害大于好处。
10091,这是因为测试无法全面考量一个人的知识和个性，有时会让人们被贴上聪明的标签，即使他们并非如此，或者被贴上愚蠢的标签，即使他们是聪明的。这可能会对个人产生重大影响。,智力测试带来的危害大于好处。
10092,这样做是因为人们只是为了钱而做，可能会伤害孩子。,寄养制度带来的伤害多于好处。
10093,它带来的好处多于危害。它可以帮助抓捕罪犯和恐怖分子。,我们应该结束种族歧视。
10094,这不会带来伤害，它们可以是一种更客观的方式来识别那些可能受益于的孩子。,智力测试带来的负面影响大于积极作用。
10095,它不会对健康造成任何问题,我们应该合法化大麻
10096,它容纳不了太多人，不值得花钱让它保持开放。,我们应该关闭关塔那摩湾拘留营
10097,它目前的形式毫无意义。,应该放弃独身誓言
10098,这并不能改善经济增长。,我们应该补贴职业教育。
10099,这并不真正起作用，所以是资源的浪费。,我们应该结束平权行动。
10100,这不起作用，却给人们希望，而他们应该得到真正的治疗。,我们应该禁止自然疗法。
10101,它并不比传统药物疗法更有效。,我们应该禁止自然疗法。
10102,这意味着人们会失去他们的钱。,我们应该禁止算法交易。
10103,它的确提供更实惠的食物福利,我们应该禁止工厂养殖。
10104,因为它给予了孩子有机会拥有正常生活和榜样，而不只是呆在福利机构里。,寄养家庭带来的伤害大于好处。
10105,这是因为它让普通人有机会传播他们的观点和信仰，否则这些声音可能不会被听到。,社交媒体带来的危害大于好处。
10106,这个测试并不准确，因为它只是一个愚蠢的测试，任何人都知道它并不能全面覆盖一个人的全部方面。,智力测试带来的伤害大于好处。
10107,这并不能阻止犯罪，而只是为了复仇。无辜项目已经为死囚平反了二十人，考虑到他们有限的资源，我相信这个数字会更高。,我们应该废除死刑。
10108,不管你信仰什么神，但每个人都应该信仰某个神。,我们应该接受无神论。
10109,并不意味着它在所有情况下都能奏效，还可能导致一些人死亡。,顺势疗法带来的危害多于好处
10110,这使我们能够审问嫌疑人，而不让他们危害美国本土。,我们应该关闭关塔那摩湾拘留营。
10111,它使种族主义者得以继续针对犹太人。,否认大屠杀应该是一种犯罪行为。
10112,这强化了男孩要阳刚、女孩要娇柔的观念。他们应该有权穿着他们喜欢的方式。,我们应该放弃使用校服。
10113,它强化了未成年人不健康的自我主义观念，并让他们产生了这样的印象：如果他们想要改变，可以轻松支付获取快速解决方案。,我们应该禁止未成年人进行整形手术。
10114,这强化了一种刻板印象，即某种族的所有人都是危险的罪犯。,我们应该终止种族歧视。
10115,它使不需要钱的人变得更加富有，与此同时，时薪工人却在挨饿。,我们应该限制高管的薪酬
10116,它剥削贫困妇女，这些妇女需要钱，迫切需要那笔钱。,代孕应该被禁止。
10117,它有利于群体的价值和社会的利益。,我们应该反对集体主义。
10118,将信仰犯罪化，无论其多么令人反感，都与民主所代表的一切背道而驰——否认大屠杀只是其中一个例子。,否认大屠杀应该被视为刑事犯罪
10119,它迫使更有资质的人失去工作，用资质较差的人来取代他们。,我们应该结束强制退休。
10120,这给使用它的人一个不公平的优势。,我们应该禁止算法交易
10121,它为孩子们提供了成功的机会，否则他们可能一无所有。处于风险之中的儿童在寄养家庭中获得机会和安全，这有助于他们长大后取得成功。,寄养家庭带来的伤害大于好处
10122,它为不孕夫妇提供了生育孩子的机会,代孕应该被禁止。
10123,这为人们提供了更多选择，让他们可以选择他们想要的政府类型。,我们应该采用多党制。
10124,这使更多的人有机会改进市场上已有的产品，而不必担心侵犯版权问题。,我们应该废除知识产权。
10125,这让人产生了对他人的优越感。有些人只是不擅长应试，这并不意味着他们不聪明。,智力测试带来的危害大于好处。
10126,它为人们提供了一个假装、炫耀和欺凌他人的平台。它也让人们相信其他人拥有他们想要的一切，认为他们的生活是完美的，从而导致心理健康问题。,社交媒体带来的危害大于好处。
10127,它为某人提供了一个藏匿不健康思想的地方,我们应该废除安全空间。
10128,这为大型投资者带来了不公平的优势。如果市场一次无法支撑如此多的交易量，就根本不应该这样做。这会极大地改变市场的流动性。,我们应该禁止算法交易。
10129,这让女性有机会成为母亲，即使她们自己无法怀孕。,代孕应该被禁止。
10130,这对于和亲人保持联系很重要。,社交媒体带来的危害多于好处。
10131,这会伤害穷人，并使很多人陷入贫困。,加沙地带的封锁应该结束。
10132,它为人们提供了丰厚的收入，男性和女性的工资是相等的。,我们应该禁止私人军事公司。
10133,广泛证明社交媒体对用户的心理健康产生负面影响，甚至社交媒体公司也承认了这一点。,社交媒体带来的危害大于好处。
10134,美国的人们把持有枪支视为一项权利已经存在很久，因此他们不愿放弃自己的枪支。,我们应该废除拥有和携带武器的权利。
10135,这已经持续了几个世纪，应该继续。,我们应该禁止捕鲸。
10136,已经证实智力测试有助于评估和适当分级学生。,智力测试带来的危害大于好处
10137,已经证明，一些被处死的人实际上是无辜的。,我们应该废除死刑。
10138,已经证明，非常年幼的孩子在母亲的亲密陪伴下发展更好 - 为了平等而割裂这种生物联系是短视和有害的。,我们应该对居家父亲提供补贴。
10139,已经证明其有效性，比药物等更安全，价格也更实惠。,我们应该禁止自然疗法。
10140,它已被证明有效，并且比传统药物和药品更安全。,顺势疗法带来的危害大于好处
10141,据报道，在大多数一夫多妻关系中，一方或多方会感到自己不重要并对这种安排感到不舒服。,我们应该合法化一夫多妻。
10142,据报道，许多在家父亲都会患抑郁症。,我们应该为选择留在家中照顾孩子的父亲提供补贴。
10143,已经证明，死刑并不能阻止犯罪，因此毫无意义。,我们应该废除死刑。
10144,已经有研究表明，如果学校实施零容忍政策，那么儿童辍学的风险会更高。,在学校应采取零容忍政策。
10145,已经有研究表明，由生物父母共同抚养长大的孩子往往表现更好。,我们应该放弃婚姻
10146,研究表明，易于获得的卖淫可以通过让男性有安全、自愿的出口，从而更广泛地减少对女性的暴力。,我们应该合法化卖淫。
10147,已经证明了某些肤色的人犯下了特定的犯罪行为。如果大多数犯罪都由某个种族犯下，那么很有可能就是你正在寻找的那个人。,我们应该结束种族歧视。
10148,已经证明，那些有两次罪行记录的人更不太可能再次犯罪，因为他们害怕入狱。,我们应该废除三罢法。
10149,这已经是长期以来的惯例，应该继续保持。,我们应该禁止烧国旗。
10150,这个方案已经尝试了很多年，所有的迹象都表明它已经失败了。,我们应该结束平权行动。
10151,它具有深刻的宗教意义，必须为了宗教而遵从。,应该放弃独身誓言。
10152,它有良好的教育和福利待遇,我们应该禁止私人军事公司。
10153,高管薪酬已经不再取决于个人的贡献，即使公司亏损和员工被解雇，他们也在拿着高薪。,我们应该限制高管薪酬
10154,它有许多很好的用途，并且可以成为各州和联邦政府的税收来源。,我们应该合法化大麻。
10155,它具有许多有益的药用特性，如在化疗过程中帮助癌症患者保持进食。,我们应该合法化大麻
10156,这没有任何科学依据，可能会加重任何疾病。,我们应该禁止自然疗法。
10157,尚未证明捕鲸对海洋生态系统或鲸鱼种群造成负面影响，且为许多家庭提供生计，应出于这个原因允许捕鲸。,我们应该禁止捕鲸。
10158,它提供了有用的信息，帮助找到恐怖分子并阻止恐怖袭击。,我们应该关闭关塔那摩湾拘留营。
10159,费用太高，对一些人来说可能很难支付。,应该禁止发放工资日贷款
10160,它有太多的副作用，因此不应该合法化。,我们应该合法化大麻
10161,尚未被证明对抗疾病是安全的,我们应该禁止自然疗法。
10162,它有助于为边缘群体带来机会，促进公平竞争。,我们应该结束平权行动。
10163,它有助于填补劳动力中的重要职位。,我们应该资助职业教育。
10164,它帮助有器官需求的人更容易地获得器官。,我们应该合法化器官交易。
10165,这有助于保护美国，因为恐怖分子不在美国，所以某些法律不适用于这些人。,我们应该关闭关塔那摩湾拘留营。
10166,它有助于为人们提供更便宜的产品。,我们应该禁止工厂养殖。
10167,它可以帮助一些人减轻巨大的痛苦。,协助自杀应视为刑事犯罪。
10168,它有助于小型第三世界国家实现现代化。,我们应该禁止传教工作。
10169,它帮助了很多人，没有什么好理由让它非法，尤其是在酒精是合法的情况下。,我们应该合法化大麻。
10170,它帮助穷人能够上大学或职业学校。,我们应该对学生贷款进行补贴
10171,这有助于抓住更多的罪犯，因此它应该是合法的。,诱导应当被合法化。
10172,它有助于连接人们并建立关系。,社交媒体带来的危害大于好处。
10173,它有助于清除恐怖分子和其他危险分子,我们应该禁止针对性杀戮。
10174,这有助于确保父母能得到他们想要并且会爱的孩子的性别,我们应该合法化性别选择。
10175,它有助于提升被边缘化群体，并为他们提供可能否则无法获得的机会。,我们应该结束平权行动。
10176,这有助于衡量一个人对所学知识的理解程度,智力测试带来的危害大于好处。
10177,它能帮助交易员比他们通常可能做到的更快地完成订单。,我们应该禁止算法交易。
10178,它有助于多样性，并确保每个人都有公平的机会。,我们应该结束平权行动。
10179,这里关押着一些最危险的人，这些人应该尽可能远离社会。,我们应该关闭关塔那摩湾拘留营。
10180,它关押了一些非常危险的罪犯，不应该允许他们进入这个国家。,我们应该关闭关塔那摩湾拘留营。
10181,当一个男人拥有多个妻子时，会伤害整个家庭。,我们应该合法化一夫多妻关系
10182,这会伤害乡村并破坏很多动物的家园。,我们应该反对城市化。
10183,这会损害你的头脑，所以应该是非法的,我们应该合法化大麻
10184,它灌输了一种自私自利的文化,社交媒体带来的害大于益。
10185,将每个犯有3项轻罪的人监禁25年，这样做是对资源和监狱空间的完全浪费。有更好的途径可以选择，成本更低，并且有助于犯罪者的改造。,我们应该废除三次重罪定律。
10186,政府为那些有时并没有最终留在国家的人的学习成本提供补贴，这是一个复杂的局面。,我们应该对学生贷款进行补贴。
10187,拥有武器的权利是一项宪法权利，可以让您享受体育运动、狩猎以及保护您和您的亲人。,我们应该废除持有和携带武器的权利
10188,这是一项宪法权利，允许人们享受体育并保护自己的家人。,我们应该废除持有和携带武器的权利
10189,每个人都有宪法赋予的持枪权，并且在需要时应当有自卫的能力。,我们应该废除持有和携带武器的权利。
10190,保持和携带武器以自卫和参加枪械运动是一项宪法权利。,我们应该废除持有和携带武器的权利
10191,夫妇有权利自行决定是否举行婚礼/婚宴，这不是政府的权力。,我们应该放弃婚姻。
10192,这是一个不太像真正宗教的疯狂宗教。,我们应该禁止科学教会。
10193,杀人是一种犯罪行为，帮助某人自杀的行为也是如此。,协助自杀应该是一种犯罪行为
10194,"这是对孤儿和被遗弃儿童至关重要的必需服务，这对那些选择很少的孩子来说可以是一个非常有益的环境。",寄养会带来更多的伤害而不是好处。
10195,这是一个残忍野蛮的行为，需要被终止。,我们应该禁止捕鲸。
10196,这是一种残酷的惩罚形式，一个文明社会不应该参与其中。,我们应该废除死刑。
10197,这是一种残忍的做法，会导致鲸的灭绝。,我们应该禁止捕鲸。
10198,这是一个操纵易受影响人群的邪教。,我们应该禁止科学教会。
10199,在一些文化中，随着在公司中职位的升高，获得的补偿就会越多，这种文化很难改变。,我们应该限制高管薪酬。
10200,这是一个只有父母才能做出决定的事情，直到孩子们长大到能自己做决定的年龄。,我们应该禁止未成年人做整容手术。
10201,这是对国家的耻辱，应该被取缔。,我们应该禁止烧国旗。
10202,这是一种让人讨厌的赚钱方式,我们应该将卖淫合法化。
10203,种族，尽管这是令人不悦的事实，但常常是犯罪的一种偏好。我们应该努力改变这种情况，但在这一事实存在的同时，必须利用这种认识来保护整体。,我们应该终止种族歧视审查。
10204,大屠杀发生是事实，声称相反不仅是谎言，而且也是危险的。,否认大屠杀应该是一种犯罪行为。
10205,这是一种为我们的市场增值的商业形式,我们应该禁止算法交易。
10206,这是一种言论自由的形式，最高法院已经证实了烧它的权利。,我们应该禁止烧国旗。
10207,这是一种言论自由的形式，因此不应该被禁止。,我们应该禁止烧国旗。
10208,被 telemarketer 不断联系是一种骚扰行为。,我们应该禁止电话推销。
10209,这是一个自由的国家，人们可以创立任何他们想要的业务。,应禁止发放工资日贷款
10210,美国公民保有和携带武器是一项基本权利，剥夺这一权利只会将武器交易推至地下。,我们应该废除持有和携带武器的权利。
10211,这是一种“门户毒品”，许多人从它开始，最终却沦落到更严重的毒品上。,我们应该合法化大麻
10212,这是青少年的通往毒品之门，会引导他们走上一条漫长可怕的道路。,我们应该合法化大麻
10213,这是一种导致更严重药物的网关药物,我们应该合法化大麻
10214,这是通往更有害药物的入口。,我们应该合法化大麻
10215,这是一种入门毒品，我们不希望鼓励人们走上这条危险的道路。,我们应该合法化大麻
10216,这是世界体育界最好的全球庆典，废除它将是一种遗憾。,我们应该废除奥运会。
10217,这是一个很好的保持联系的方式。,社交媒体带来的危害大于好处。
10218,这是评估学生能力的一个很好的基准。,智力测试带来的危害大于好处。
10219,这是一个用来关押一些世界上最危险的人的设施。,我们应该关闭关塔那摩湾拘留营。
10220,这是一个好主意，通过这种方式，社区内会就某一特定主题的优缺点进行分析。,我们应该反对集体主义。
10221,这是一个很好的措施，因为我们的年轻人目前缺乏责任感和纪律性，有了这个措施，我们更加倾向于那种能力。,我们应该在学校实行零容忍政策。
10222,对于居住在偏远地区的人来说，这是一个不错的选择。,我们应该禁止电话营销。
10223,这是一个很好的知识和娱乐来源。,我们应该放弃电视。
10224,这是控制超支和债务累积的好方法。,我们应该实施紧缩政策。
10225,这是一个灌输 discipline 的好方法,我们应该放弃使用校服。
10226,如果正确使用，这是销售产品的好方法。,我们应该禁止电话推销。
10227,这是任何主题的重要信息来源。,我们应该对维基百科进行补贴。
10228,当父亲想要在家照顾自己的孩子时，这是一件很好的事情，但通常他们需要作为主要的收入来源者，因此对他们提供补贴会极大地帮助。,我们应该为全职爸爸提供补贴。
10229,这是世界各国走到一起的绝佳方式。,我们应该废除奥运会。
10230,这是展示每个国家体育人才的绝佳方式。,我们应该废除奥运会。
10231,对那些犯下非暴力犯罪的人来说，这是一种严厉的惩罚。,我们应该废除三罢法。
10232,这是一种对待学生的严厉方式，可能会导致更多叛逆的态度。,在学校中我们应该采取零容忍政策。
10233,人们能够以任何方式言论是一项人权。,我们应该采用性别中立的语言。
10234,如果代孕者想要利用自己的身体来怀孕，那么选择代孕是合法的，而州政府没有权利阻止这一选择。,代孕应该被禁止。
10235,这是对某人能力的合法评估。,智力测试带来的危害大过益处。
10236,这是技术的合法使用。,我们应该禁止算法交易。
10237,这是一种合法增加业务和销售并创造就业机会的方式。,我们应该禁止电话推销。
10238,这是一种目前受第一修正案保护的言论自由方式。禁止它将是违宪的。,我们应该禁止烧国旗。
10239,这是一种厌恶女性的文化，不应被容忍。,我们应该合法化一夫多妻。
10240,对于医生来说，这是一个赚钱的交易，但对一些人来说结果却是灾难性的。,我们应该禁止整形手术。
10241,这是一种天然、安全、具有药用价值的植物。,我们应该将大麻合法化。
10242,在某些社会中，实行一夫多妻制是必要的，因为这样可以增加人口数量。,我们应该合法化一夫多妻。
10243,我们有必要引入强制投票制度。选举日的投票率实在太低，这导致选举结果似乎无法真正代表整个人口的选择。,我们应该引入强制投票制。
10244,语言必须被改变为性别中性以安抚那些不确定自己想成为哪种性别的一小部分人，这是毫无道理的。,我们应采用性别中立的语言。
10245,父母选择生育孩子并停止工作是他们自己的选择。如果任何一方选择要孩子，那么他们应该完全自行负担孩子的费用。,我们应该对待在家照顾孩子的父亲提供补贴。
10246,选择我们想吃什么是一种个人自由。,我们应该禁止快餐。
10247,一个人有权选择是否要辩护，如果一个人选择不要辩护，用公共资金支付公共辩护律师是浪费公众的钱。,公共辩护律师的使用应该是强制性的
10248,一个人有权选择将什么放入自己的身体。禁止大麻违反了这种权利。,我们应该合法化大麻
10249,一个人有权选择是否投票。有些人不关心政治。,我们应该引入强制投票。
10250,这是个残忍且极不人道的地方。,我们应该关闭关塔纳摩湾拘留营。
10251,这是一个可能会引发欺凌和恐吓的平台。,社交媒体带来的危害大于好处。
10252,这是确保我们怀疑的人是否真正罪犯的过程。因此，应该合法化。,陷阱应该合法化。
10253,选择独身是每个人的合理选择，所以我认为不应该随需求而放弃。,应该放弃独身誓约。
10254,这是一种种族主义政策，不应该存在于一个文明社会中。,我们应该结束种族歧视。
10255,这是基督教的要求，每个宗教都有自己的规则，必须予以尊重。,应该放弃独身誓言。
10256,认为语言应该为一小部分人的需求而改变，这个想法是荒谬的。这些人对自己的性别模糊不清，这种想法不应被采纳。,我们应该采用性别中立的语言。
10257,我们有权选择自己的代表，或者选择不代表。,公共辩护人的使用应该是强制性的
10258,这是一种简化的方法，用于查找那些犯罪行为往往长期未被发现的人。,诱捕应该合法化
10259,这是一个阴险的灾难，我们有权拥有自己的身份。,我们应该禁止人类克隆。
10260,这是对惯犯的强烈警示。,我们应该废除三振法。
10261,这是一种已被证明影响某些人心理健康的物质，在这方面它不应该合法化。,我们应该合法化大麻。
10262,它是我们国家的象征，代表着重要的事物，应当受到保护。,我们应该禁止焚烧国旗。
10263,这是许多人为保护而牺牲的象征，出于尊重，应该被视为违法。,我们应该禁止烧国旗。
10264,这对传统婚姻构成威胁。如果一夫多妻制合法化，婚姻实践可能还会有哪些其他变化？,我们应该合法化一夫多妻。
10265,这是一种完全浪费金钱的做法，这些钱本可以更好地用在这里。,我们应该对太空探索进行补贴。
10266,这是一个悲剧事件，否认它是危险的。,否认大屠杀应该被视为刑事犯罪。
10267,这是恐怖分子的背叛行为,我们应该禁止烧国旗
10268,这是一个有用的网站，但没有必要对维基百科提供补贴。该网站可以像这些年一样通过私人资助维持运转，而且政府有更重要的需要需要补贴，比如医疗保健。,我们应该为维基百科提供补贴。
10269,这是一个有效的抗议活动，并得到了我们宪法的支持。,我们应该禁止烧国旗。
10270,这是一个宝贵的资源，因此补贴将有助于网站生产和编辑更多高质量的文章。,我们应该对维基百科提供补贴。
10271,这是一个非常广泛的行业，每个人都可以选择吃什么，然而，这并不能防止食物被滥用。,我们应该禁止快餐。
10272,这是一个可行的选项来抓捕一些罪犯。,应该将诱捕合法化
10273,强迫一个人在选举中投票，如果他们不愿意这样做，这是侵犯一个人的权利。,我们应该引入强制投票制度。
10274,这是侵犯隐私的行为并且是一种麻烦。,我们应该禁止电话营销。
10275,这是评估进展和未来教学需求的重要教育基准。,智力测试给人们带来的危害大于好处。
10276,这是在教堂中历史久远的传统誓言，不应更改。,应该放弃独身誓言。
10277,这是一种浪费时间和金钱的做法，只给少数人带来短暂的荣耀。,我们应该废除奥运会。
10278,追踪大麻种植园是浪费警力和资源,我们应该合法化大麻
10279,这是对资源的浪费。我们应该研发更多环保的汽车。,我们应该停止自动驾驶汽车的发展。
10280,政府花费时间和金钱起诉人们持有大麻是一种浪费。,我们应该合法化大麻
10281,政府花费时间和资源来起诉那些没有政府鼓励就不会发生的犯罪行为是一种浪费。,应该合法化诱捕。
10282,这是我与家人和老朋友保持联系的好方法，我喜欢照片。,社交媒体带来的负面影响超过了积极影响。
10283,这是绝对错误的，是在玩弄自然，违背了上帝的旨意。,我们应该禁止人类克隆。
10284,强加无神论于每个人身上违背了基本的自由权利。,我们应该接受无神论。
10285,这违背了某些宗教信仰，并被视为不道德。,我们应该给胚胎干细胞研究提供资助。
10286,这是违背自然规律的，可能会扰乱人口的平衡。,我们应该合法化性别选择。
10287,这都是学校良好纪律的一部分,我们应该放弃使用校服。
10288,几乎不可能加强管理，而且比酒精更无害，因此合法化大麻将释放警方资源，让他们去追查那些使用或供应更危险药物的人。,我们应该合法化大麻。
10289,已经被证明有助于治疗某些疾病和症状。,我们应该合法化大麻。
10290,这是一种极具情感关联的行为，除了对国家的侮辱，也应该被禁止。,我们应该禁止烧毁国旗。
10291,美国人有权利烧国旗来表达他们对一直对自己人民不敬的国家的不满。,我们应该禁止焚烧国旗。
10292,这是一顿简单的饭菜，没有人需要浪费时间为自己做饭。,我们应该禁止快餐。
10293,这是一种有效且非暴力的方法，可以激励压迫政权修改政策。,我们应该终止使用经济制裁。
10294,"这是一种有效的威慑力量这并不是虐待，轻描淡写地打一下孩子是教育他们的有效方式如何最好地抚养他们的孩子，是父母应该判断的",我们应该废除死刑。
10295,这是一种有效的市场营销线索生成和资格认定方法。,我们应该禁止电话营销。
10296,这是一种高效的交易方式，且不太容易受到人为错误的影响。,我们应该禁止算法交易
10297,这是一个邪恶的邪教，洗脑信徒。,我们应该禁止科学系教会。
10298,这是一个值得支持的优秀资源,我们应该资助维基百科。
10299,这是对主办城市的荣誉，并为其带来全球认可。,我们应该废除奥运会。
10300,这是一个理想的地方，适合关押一些世界上最危险的恐怖分子。,我们应该关闭关塔那摩湾拘留营。
10301,这是一种违法药物，不应该对公众出售。,我们应该合法化大麻
10302,警方对敌人实施的非法手段,应该将诱导罪合法化。
10303,这是宪法中一个重要的修正案，很多人对此深感关注。,我们应该废除持有和携带武器的权利。
10304,当人们知道它被使用时，它就成为一个重要的威慑因素。,我们应该废除死刑制度。
10305,决定使用哪种表达方式是个人的权利。,公共辩护人的使用应该是强制性的
10306,一个人有权选择对他们最好的医疗治疗，即使这可能有害。,我们应该禁止自然疗法。
10307,允许器官商业化是一种不人道的做法，是一种不道德的行为。,我们应该合法化器官交易
10308,这是一种隐蔽的意识形态，让人们基于任意特征与他人联系，导致利用群体思维来实施少数人的暴政，并借助多数人的支持。,我们应该反对集体主义。
10309,这是一个有趣的概念，虽然目前尚未产生太大影响，但可能是现有两方之间的一种合适折衷，值得考虑。,我们应该采纳自由主义。
10310,Cold call别人是一种侵犯隐私的行为。,我们应该禁止电话营销。
10311,这是一种冒犯且不必要的行为，言论自由可以通过言辞来实践。,我们应该禁止烧国旗。
10312,这是增加效率的机会。,我们应该抵制城市化。
10313,这是对人类暴行的不可接受的否认，我们绝不能忘记以确保它不再发生。,否认大屠杀应当被视为犯罪。
10314,这是一种不公平的优势，而且也可能被黑客攻击，严重干扰交易。,我们应该禁止算法交易。
10315,这是一种不公平的做法，通过虚假误导某人起作用。,应该将诱捕合法化。
10316,这是一种不自然的行为，必须被根除，因为它不符合自然。,我们应该合法化性别选择。
10317,这是对东道国来说是一个不必要的成本，也是浪费时间。,我们应该废除奥运会。
10318,这是一个通常会被违背的不必要的誓言。,应该放弃独身的誓言
10319,这是令人讨厌的，而且侵犯了隐私。大多数电话推销员都是骗局。,我们应该禁止电话营销。
10320,这很烦人，侵犯了人们的隐私。,我们应该禁止电话推销。
10321,一些公开否认大屠杀发生的人令人震惊，这些人应该受到刑事起诉以警示他人。,否认大屠杀应该是一种犯罪行为。
10322,这是过时而野蛮的。这是政府批准的谋杀。,我们应该废除死刑。
10323,一个人选择不投票给某个人，和选择投票给某个人一样，都是其权利。,我们应该引入强制投票。
10324,这基本上是一个邪教，骗取天真的人的钱。,我们应该禁止科学教会。
10325,由于世界局势不稳定，举办奥运会变得越来越不安全。,我们应该废除奥运会。
10326,对于公司来说，引入新鲜的面孔和想法是有利的，这样公司就不会停滞不前。,我们应该取消强制退休。
10327,孩子最好生活在有家庭的环境中。,寄养护理带来的伤害多于益处。
10328,孩子最好生活在有家人照顾的地方。,寄养护理带来的伤害比好处更多
10329,最好让孩子与他们的生身父母呆在一起，寄养会让孩子感到困惑，并使他们远离他们本应该在一起的父母。,寄养制度带来的伤害大于好处。
10330,最好不投票，也比投票给自己不相信的人好。,我们应该引入强制投票。
10331,这比让孩子无家可归要好。,寄养对孩子带来的伤害大于好处
10332,在一个充满爱的家庭中，即使只是暂时，也比在机构中要好。,寄养制度带来的伤害大于益处
10333,更好地鼓励城市化，因为这样会对农村、野生动物和开放空间造成较小的破坏。,我们应该抵制城市化。
10334,遵守法律远胜于听从某人的意见。,我们应该限制司法激进主义。
10335,最好在不受欢迎的性别胎儿出生前将其杀死，而不是在他们作为孩子时忽视他们,我们应该合法化性别选择。
10336,与其出生在不想要你的父母身边，不如不曾出生，因此，我们应该合法化性别选择。,我们应该合法化性别选择。
10337,更好的选择是保留死刑，因为长期关押犯下最严重罪行的人不是对公共资金的好的使用，尤其是在无期徒刑的情况下。,我们应该废除死刑。
10338,补贴男性而不是女性是有偏见的。再次，女性的工资较低。,我们应该对在家照顾孩子的父亲提供补贴。
10339,使用种族划分边缘接近种族主义。,我们应该结束种族歧视行为
10340,对于那些面临经济困难的家长来说，购买校服更加经济实惠。,我们应该放弃使用校服。
10341,很明显，封锁是一种临时状态，因此封锁结束得越快，我们离永久解决方案就越近。,加沙地带的封锁应该结束。
10342,很明显应该在教会和政府之间做出分离。,我们应该禁止学校祈祷。
10343,很明显地显示，信仰神祇给世界各地的人民设立了障碍，至今仍然影响着他们作为个人和国家的发展。,我们应该接受无神论。
10344,购买或出售人体器官是完全不道德的，不应在任何情况下合法化。,我们应该合法化器官交易
10345,高管们薪水比员工高出一千倍完全是不公平的。,我们应该限制高管薪酬
10346,携带武器是合宪的，因此是合法的，此外，日益增长的不安全因素也支持我们使用武器。,我们应该废除持有和携带武器的权利。
10347,为了保持其运营，这将耗费纳税人数百万美元。,我们应该关闭关塔那摩湾拘留营
10348,亵渎国旗是犯罪行为。,我们应该禁止烧旗行为。
10349,在笼子和动物园中容纳动物是残忍和不人道的，因为它们无法像在自己的环境中那样茁壮成长，更容易导致早死。,我们应该废除动物园。
10350,这是残忍的，而且真的没有必要。,我们应该禁止捕鲸。
10351,把动物关起来只为了展览和人类娱乐而谋利是残酷和自私的。,我们应该废除动物园
10352,这对动物是残忍的，而我们食用它们也不健康。,我们应该禁止工厂养殖
10353,把动物关在囚笼里是残忍的,我们应该废除动物园。
10354,涉及动物是残忍的,我们应该禁止工厂养殖。
10355,未成年人进行整形手术是危险的，可能构成虐待儿童。,我们应该禁止未成年人进行整形手术
10356,传教士只是前往他们不会说语言或了解文化的地方是很危险的。,我们应该禁止传教工作
10357,拒绝认可类似大屠杀那样令人憎恶的罪行是危险的。,否认大屠杀应当被视为犯罪行为。
10358,在一个拥有如此多致命武器的社区中是很危险的。,我们应该废除拥有和携带武器的权利。
10359,限制言论自由是危险的；掩盖否认大屠杀的言论会使审查变得更加困难。,否认大屠杀应该是一种犯罪行为
10360,政府认为这是一座教堂，所以不应该被禁止。,我们应该禁止科学教会。
10361,爸爸们特别是花时间和孩子在家里是困难的,我们应该对居家爸爸提供补贴
10362,区分一位优秀的专业顾问和江湖郎中是很困难的。,顺势疗法带来的危害大于好处。
10363,这些天没有学位很难找到工作，所以学生们需要帮助支付学位费用。,我们应该对学生贷款提供补贴。
10364,使用种族歧视性筛选是歧视性的，会使受到这种筛选的人感到被排斥。,我们应该结束种族歧视。
10365,这是歧视的、错误的，应该是非法的。,我们应该结束种族歧视。
10366,这很恶心，没有任何好结果会发生。,我们应该合法化卖淫。
10367,这是不尊重他人的，可能会冒犯到人们,我们应该禁止烧国旗。
10368,对那些为保卫我们国家而服役的人焚烧国旗是不尊重的，这应该被禁止。,我们应该禁止烧国旗。
10369,否认大屠杀的发生是对大屠杀受害者和整个人类的不尊重，那些否认大屠杀的人应当受到刑事处罚。,否认大屠杀应被视为犯罪行为
10370,这是对你国家的不尊重。,我们应该禁止烧毁国旗。
10371,如果当局可以缩小抓捕对象的种族以及其他特征，那么找到罪犯会更容易。,我们应该结束种族歧视。
10372,人们在网上进行虐待很容易。,社交媒体带来的危害大于好处。
10373,像美国这样的强大国家很容易主张废除核武器，但是较小和较弱的国家需要核威胁来保护自己免受更强大的敌人侵害。,我们应该为废除核武器而战。
10374,人们很容易认为常规药物是每个人正确的选择，但即使有所有的监管和测试，仍然会有一些人因为希望避免错误和副作用而选择不使用。,我们应该禁止自然疗法。
10375,消费者完全有权自主决定和选择自己所消费的食物。,我们应该禁止快餐。
10376,以色列对抗哈马斯等恐怖分子保持安全是至关重要的。,加沙地带的封锁应该结束。
10377,新闻报道必须客观公正，如果记者们不必靠捏造或夸大事实来卖广告筹钱，我们将能更真实地了解新闻。,我们应该对新闻业进行补贴。
10378,公民自由携带武器来保护自己免受犯罪侵害是至关重要的。,我们应该废除持有和携带武器的权利。
10379,父亲能够在家照顾孩子是至关重要的，国家应该为此付酬。,我们应该对居家爸爸提供补贴
10380,必须提醒巴勒斯坦继续思考其过去的过失，封锁应该继续。,加沙地带的封锁应该结束。
10381,人们能够作为个体行动是对社会有利的是至关重要的。,我们应该采纳自由主义。
10382,人们意识到整个世界是多元化是至关重要的。通过推广这些游行，我们向世界展示，无论性别或取向如何，你都应该为自己感到自豪。,我们应该取消骄傲游行。
10383,那些付出努力进行发明创造的人应该能够在他们的想法被窃取的情况下获得回报。,我们应该废除知识产权。
10384,学校继续进行祈祷是至关重要的，因为鼓励孩子们实践基督教信仰是正确的。,我们应该禁止学校祈祷。
10385,必须将国家带回正轨，这只能通过实施紧缩政策来实现。,我们应采取紧缩政策。
10386,在商业中有年长和年轻人的结合是至关重要的，强制退休保持着劳动力的活力。,我们应该结束强制退休。
10387,据估计，每花费一美元在太空探索计划上的经济价值相当于8美元到10美元，这使得它成为一项非常明智的投资，推动了科技、科学和医学的发展。,我们应该对太空探索进行补贴。
10388,每位奥运运动员都梦想赢得一枚金牌。,我们应该废除奥运会。
10389,每个人都有权利说出他们想要的话，而安全空间则提供了一个让他们做到这一点的环境。,我们应该废除安全空间。
10390,每个人都有权参加战斗，包括女性。,我们应该禁止妇女参加战斗。
10391,每个人都有权利接受自己想要的整形手术，包括儿童，应该有这个权利。,我们应禁止未成年人进行整容手术
10392,每个人至少应当在选举中投票，这是每个人的国家责任。,我们应该引入强制投票。
10393,每个人都有权利选择是否投票，而选择不投票的决定和其他人在候选人名字旁划的叉一样有意义。,我们应该引入强制投票制度。
10394,正是因为孩子们还没有能力做出好的决定，我们才需要零容忍政策。这样严厉的后果是确保他们遵守规定的唯一办法。,我们应该在学校实行零容忍政策
10395,获取用于研究所需的干细胞是昂贵且并不容易的。,我们应该为胚胎干细胞研究提供资助。
10396,对幸存者和受大屠杀影响的人来说，听到有人说大屠杀没有发生是非常令人痛心的。这一定会给他们带来极大的痛苦，尤其是那些经历过这一切的幸存者。,否认大屠杀应该是一项刑事犯罪。
10397,它在对抗各种医学问题上非常有用,我们应该合法化大麻
10398,更好的做法是将危险恐怖分子关押在美国境外，关塔那摩湾是最适合这样做的地方，因此我们必须保持其开放。,我们应该关闭关塔那摩湾拘留营
10399,这是一件有趣的事情，看到所有国家不管世界发生了什么都能团结在一起是件好事。,我们应该废除奥运会
10400,无论如何，这项实践都会进行，所以我们要为工人提供一个安全的受监管环境。,我们应该将卖淫合法化。
10401,这很好，因为它是一种替代方式，有时安慰剂效应可以治愈疾病。,顺势疗法带来的危害大于益处。
10402,与每个人做生意并努力保持良好关系是很好的。,我们应该停止使用经济制裁。
10403,投资太空技术的探索和了解对科技发展很有好处。,我们应该对太空探索进行补贴。
10404,进行这项研究是恶心的、不道德的和不道德的,我们应该为胚胎干细胞研究提供补贴。
10405,这是有害的，可能导致鲸鱼灭绝。,我们应该禁止捕鲸。
10406,这对社会是有害的，因为它让参与者过分沉迷其中。用户过分认真对待社交媒体，而不是在现实生活中存在。它几乎占据了他们全部的时间。,社交媒体带来的危害大于好处。
10407,司法机关如果愿意采取公开行动是有帮助的，这样可以展示他们也是人类。,我们应该限制司法激进主义。
10408,私人军事公司存在以支持作战是有益的。,我们应该禁止私人军事公司。
10409,焚烧国旗是极具冒犯性的行为，只会加剧实施这种行为的国家之间的紧张关系。,我们应该禁止烧国旗。
10410,这是不合法的，应立即终止,加沙地带的封锁应该结束。
10411,无限期羁押囚犯而不提起诉讼是非法的。,我们应该关闭关塔那摩湾拘留营。
10412,当有许多非信徒时，坚持要求所有学生祈祷是非法的,我们应该禁止学校祈祷
10413,这是不道德的、不自然的，不应该合法化。,我们应该合法化性别选择。
10414,这是不道德的，并会导致不良后果。,我们应该合法化性别选择
10415,拥有多个妻子（或丈夫）是不道德的。,我们应该合法化一夫多妻。
10416,出于道德原因，出售身体器官以换取金钱是不道德的。,我们应该合法化器官买卖。
10417,以这种方式陷害某人并起诉他们是不道德的。,应该将诱捕合法化。
10418,基于种族或族裔而针对特定群体是不道德的。,我们应该结束种族歧视。
10419,对父亲来说，能够和孩子共度高质量的时间是非常重要的。,我们应该对居家爸爸提供补贴。
10420,孩子在学校里找到自己的信仰是很重要的。,我们应该禁止学校祈祷
10421,新闻机构转向新形式的媒体，比如互联网，是很重要的，但是这需要成本很高，并且需要补贴。,我们应该对新闻业进行补贴。
10422,对于居住在更偏远地区、警察不能迅速赶到的人们来说，保护自己的家人和财产是非常重要的。,我们应该废除佩带和携带武器的权利。
10423,种族歧视性定型是重要的，因为它确保了多样性。,我们应该结束种族歧视。
10424,我们更需要负起更多的财政责任，在我们陷入更深渊之前，提前解决我们的债务问题是非常重要的。,我们应该采取紧缩政策。
10425,对我们来说拥有核武器是非常重要的，这样我们才能充分保护自己不受敌人的威胁。,我们应该为废除核武器而斗争。
10426,确保乡村地区保持原始状态对野生动物非常重要。,我们应该反对城市化。
10427,在选举中，每一个声音被听到都是很重要的。否则，我们无法确定政府是否真正代表了人民。,我们应该引入强制投票。
10428,每个人被允许宗教表达自由是非常重要的，选择作为任何教会成员的权利是一项基本人权。,我们应该禁止科学教会。
10429,重要的是允许未成年人进行整形手术，以促进他们的自尊在未来情感和身体发展的关键阶段得到提高。,我们应该禁止未成年人进行整容手术。
10430,私人军事公司存在以协助维护世界和平是很重要的。,我们应该禁止私人军事公司
10431,学生贷款的授予非常重要，因为它能帮助你提高生活质量和经济潜力。,我们应该对学生贷款进行补贴
10432,司法系统顶层的经验丰富、训练有素的人员能够运用自身经验和常识来判决非常重要，否则任何人都有可能成为法官。,我们应该限制司法激进主义。
10433,重要的是，国家要进行紧缩开支，以造福未来一代。,我们应该采取紧缩政策。
10434,很重要的是听到法官在审判中的真实想法。,我们应该限制司法激进主义。
10435,在媒体中听取各种声音和观点是至关重要的，以避免媒体变得过于单一。资助新闻业将有助于实现这一点。,我们应该对新闻业进行补贴。
10436,帮助那些不幸的人是很重要的。,我们应该禁止传教工作。
10437,重要的是消除性别歧视，使用性别中立的语言将有助于实现这一目标。,我们应该采用性别中立的语言
10438,在公共支出方面保持理性和克制非常重要，确保一个国家在其财政能力范围内运转，并保持资源的稳健平衡。,我们应该采取紧缩政策。
10439,确保公众能够获悉新闻是非常重要的。,我们应该对新闻业进行补贴。
10440,确保有一个地方可以免费为用户获取关于某一主题的信息是非常重要的。,我们应该资助维基百科。
10441,帮助经济上支持太空探索对于带来更多科学和智慧到地球，以及更多了解我们的世界是非常重要的。,我们应该资助太空探索。
10442,了解宇宙中还有什么对于保护和探索目的至关重要。,我们应该对太空探索进行补贴。
10443,出于宗教原因保持独身的誓约是很重要的,应该放弃独身誓约。
10444,重要的是要最大程度地确保个人和公司的自由 - 自由主义是实现这一目标的最佳途径。,我们应该采纳古典自由主义。
10445,重视财政责任是很重要的。,我们应该采取紧缩政策。
10446,禁止这一新宗教运动是重要的，因为它带来了一个新的信条，会让人们更加困惑。,我们应该禁止科学教会。
10447,重要的是要制止这些由雇佣兵实施的选择性谋杀行为，无论是政治上还是经济上的。,我们应该禁止有针对性的暗杀。
10448,减少政府支出是非常重要的，这样才能有资金用于其他重要设施，比如警力等。,我们应该实施紧缩政策。
10449,重要的是要记住，由儿童演员主演的影片中含有有毒和性内容，这对儿童不利，因此我们必须禁止这种情况发生。,我们应该禁止使用童星。
10450,重要的是要记得发生过的暴行，以免再次发生相同的事情。,否认大屠杀应是一种刑事犯罪。
10451,在判断复杂的法律事务时，重要的是要考虑所有信息，而这是不可能不包括个人意见的。,我们应该限制司法激进主义。
10452,无法确定某个人是否犯有罪行，因此我们应该采取更为温和的惩罚。,我们应该废除死刑。
10453,无法保证在家自学的孩子们得到适当的教育。,应该禁止家庭教育
10454,期望人类，甚至是法官在做出决定时不使用他们内在的偏见是不可能的。,我们应该限制司法激进主义。
10455,不可能人道地杀死一头鲸鱼，没有任何生物值得经受如此痛苦和可怕的死亡。,我们应该禁止捕鲸。
10456,用一次测试的结果来总结一个人的智力是不可能的。,智力测试带来的危害大于益处
10457,建立安全空间是不切实际和武断的，没有任何规定。,我们应该废除安全空间
10458,宪法中规定教会与国家分离，由国家资助的学校不允许在校园里举行祈祷。,我们应该禁止学校祷告。
10459,宪法规定我们有权拥有和携带武器。,我们应该废除持有和携带武器的权利。
10460,这是不准确的，不应该用政府资金支持。,我们应该对维基百科提供资助。
10461,这是不人道的，教导暴力解决暴力。在司法系统始终百分之百正确之前，我们不能冒险杀死可能后来被证明无辜的人。,我们应该废除死刑。
10462,这是不人道的，并且没有监督管制。,我们应该关闭关塔那摩湾拘留营。
10463,"这是不人道和不必要的它教导暴力是解决问题的方法它可能会打开滥用的大门",我们应该废除死刑。
10464,判定另一个人是否应该被杀死是不人道的。,我们应该废除死刑。
10465,将动物关在笼子里供人们娱乐是不人道的。它们需要生活在自然栖息地中才能茁壮成长，而不是被困在动物园里。,我们应该废除动物园。
10466,在某种程度上，男性更适合参与战斗是一个不争的事实。他们在身体上更强壮，并且在紧张局势下能够将情绪分隔开，比如在前线。,我们应禁止妇女参与战斗
10467,这只是一件材料而已，因此并不那么重要。,我们应该禁止烧国旗。
10468,这只是懒人尽量少做事的另一种方式。,我们应该停止自动驾驶汽车的发展
10469,违反学校规定会导致严重的后果。,我们应该在学校实施零容忍政策。
10470,这实在是太难执行了，不值得花费时间和金钱。,我们应该废除知识产权。
10471,它阻止援助送到有需要的人手里。,加沙地带的封锁应该结束。
10472,它正在维护和平，需要保持在原地。,加沙地带的封锁应该结束。
10473,已知可以通过练习来操纵智力测试的结果。这意味着拥有更多资源的人更有可能表现出色。,智力测试带来的危害大于益处。
10474,批评政府和抗议其政策是合法的，但烧国旗是一种叛国行为，是不能容忍的。,我们应该禁止焚烧国旗。
10475,两党制很少基于极端意识形态展开合作或联盟。,我们应该采取多党制。
10476,这在道德和精神上都是错误的,我们应该禁止人类克隆。
10477,有道德的是，群体的福祉应该比任何个体成员更为重要。,我们应该反对集体主义。
10478,在我们有人类需要帮助的地球上，资助太空探索是道德上错误的。,我们应该资助太空探索。
10479,公开打击否认者比隐藏他们及其观点更有效。,否认大屠杀应该被视为犯罪行为
10480,政府和企业实行强制退休制度比开始对老年员工进行严格和定期评估以确保他们仍然胜任更加高效。,我们应该取消强制退休。
10481,更加人道主义的做法是帮助一个人去死，而不是让他们遭受极端痛苦。,协助自杀应该是一种犯罪行为
10482,它在预测市场趋势方面更可靠。,我们应该禁止算法交易。
10483,更安全，因为决策是基于数据而不是情绪做出的。,我们应该禁止算法交易
10484,更值得资助那些实际上能够帮助人类的科学。,我们应该对太空探索进行补贴。
10485,人们作为个体行动要比集体行动更好，因为它鼓励商业活动，自由主义是不可或缺的。,我们应该采纳自由主义。
10486,在城市化地区提供服务要比人口分散在广泛地区容易得多，这样规划服务就变得更简单和更具成本效益。,我们应该对抗城市化。
10487,否定某人言论自由的权利远比否认大屠杀事件发生更为危险。,否认大屠杀应该是一种违法行为
10488,家庭中有两个父母是很自然的。不应该让女性觉得自己无法满足男人，也不应该让女性感到自己的价值如此之低，需要超过一个女人来满足。,我们应该合法化一夫多妻制。
10489,有必要让居家爸爸受益，这样他们就能留在家里。,我们应该对居家爸爸提供补贴。
10490,有必要放弃独身誓约。,应当放弃独身誓言。
10491,为了确保公民的安全，有必要废除持有和携带武器的权利。,我们应该废除持有和携带武器的权利。
10492,为了儿童的福祉，有必要消除儿童演员。,我们应该禁止使用童星。
10493,必须消除一夫多妻制，因为一个人必须注定与另一个单一的个体结合在一起。,我们应该合法化一夫多妻。
10494,为了人们的安全，有必要消灭科学教会。,我们应该禁止科学教会。
10495,有必要实行零容忍政策，以让其他学生从稳定的学习环境中受益。,我们应该在学校实行零容忍政策。
10496,通过空间探索增加我们的知识是必要的。,我们应该对太空探索进行补贴。
10497,有必要将恐怖分子关押在一个能够对其进行询问并且安全的地点。,我们应该关闭关塔那摩湾拘留营
10498,了解人们能够帮助我们发展国家是必要的，这些测试是识别他们的工具。,智力测试带来的害处大于好处。
10499,有必要将大麻合法化，因为它能用于保健。,我们应该合法化大麻
10500,如果我们想在反恐战争中取得成功，就有必要维持关塔那摩。,我们应该关闭关塔那摩湾拘留营。
10501,为学生提供一个安全的空间是必要的，让他们知道在那里不会发生任何事情。,我们应该废除安全空间。
10502,有必要将那些已经犯下两次罪行并仍然犯下第三次罪行的人从社会中清除，因为他们明知自己将会面临什么后果。,我们应该废除三振法。
10503,在表达对某人的赞扬或引用时，必须使用能指出该人性别的语言。,我们应该采用性别中立的语言
10504,传播这样一种信息——夺取生命能解决任何问题，从来都不是一种好的做法。,我们应该废除死刑。
10505,仅仅因为某人的肤色而指控他犯罪是绝对不可以接受的。,我们应该结束种族歧视对待
10506,无法用100%的确定性确定一个人在法律上有罪，而死刑往往会惩罚无辜的人，就像我们最近几年从无罪DNA证据中所了解到的那样。,我们应该废除死刑。
10507,国家没有权利干涉公民的私人生活。,我们应该合法化一夫多妻。
10508,我们不该干涉别人在闭门之处做出的决定，只要相关各方认为这样做可以，就没有理由禁止。,我们应该将一夫多妻制合法化。
10509,只要没有第三方的伤害，一个人决定追求哪种治疗方式并不关我们的事。,顺势疗法带来的伤害大于益处。
10510,如果有人想要改善他们的外貌，这不关你的事。,我们应该禁止整形手术
10511,这不是一种真正的宗教，因此不受《权利法案》保护。,我们应该禁止科学教会。
10512,成为一个人不一定要相信或崇拜“神”，因此应该选择无神论。,我们应该采取无神论。
10513,这并不总是对犯罪起到有效的威慑作用，通常会导致监狱过度拥挤。,我们应该废除三罢法。
10514,这并不像从大学获得常规学位那样重要。,我们应该资助职业教育。
10515,它本身并不具有破坏性。,否认大屠杀应被视为犯罪行为。
10516,强迫投票并不民主。人们应该有权决定是否要投票。,我们应该引入强制投票。
10517,这并不是因为一夫多妻制，因为这种行为侵犯了多人的感情，并且是一种亵渎和有害的行为。所有人同时团聚在一起。,我们应该合法化一夫多妻制。
10518,决定一个孩子的性别是不道德的，因为这违背了自然界的平衡。,我们应该合法化性别选择。
10519,这是不公平的，因为法官把自己的信仰凌驾于法律条文之上。,我们应该限制司法激进主义。
10520,对家庭来说，尤其是贫困家庭，要支付已经赚取的资金利息是不公平的。,应禁止发放支付日贷款
10521,当存在这么多不同的观点时，让一个观点压倒其他观点是不公平的。,我们应该限制司法激进主义。
10522,纳税人为每个被告支付法律费用的负担不公平。,公共辩护律师的使用应该是强制性的。
10523,他们可以赚取那么多，而实际从事工作的人却只能得到麵包屑，这是不公平的。,我们应该限制高管的薪酬。
10524,禁止捕鲸而允许饲养牛羊取肉并不公平。一个动物的生命不应被评价得比另一个更高。,我们应该禁止捕鲸。
10525,给一些人提供上学的金钱是不公平的。补贴学生的唯一办法就是提高所有人的工资税。,我们应该对学生贷款进行补贴。
10526,拥有另一种肤色并非公平，我们在其他方面同样有资格，实际上我们也很有能力,我们应该结束种族歧视审查。
10527,以一个人的种族或皮肤颜色来评判他是不公平的。,我们应该停止种族歧视审查。
10528,不允许孩子通过服装来表达个性，只要合适，这是不公平的。,我们应该放弃使用校服
10529,将某人置于一种可能需要推动才会采取的行为中是不公平的。这等于是在设局让他人失败。,诱捕应当被合法化。
10530,把学生当作囚犯对待并限制他们的能力和自由是不公平的。,在学校应该实行零容忍政策
10531,在电影中让成年人扮演一个幼童是不可行的。,我们应该禁止使用儿童演员。
10532,国家不应该资助居家父亲，他们是社会的负担。,我们应该资助待在家照顾孩子的爸爸。
10533,加沙并没有受到封锁，公民几乎没有感觉到，而是哈马斯非法和恐怖统治受到了影响。,加沙地带的封锁应该结束。
10534,这不是一个好的经济政策，会伤害穷人。,我们应该采取紧缩政策。
10535,这对动物福利不利，产品受损。,我们应该禁止工厂农业。
10536,政府没有权利控制个人的财务决策。,我们应该采取紧缩政策。
10537,这对动物不人道，需要制止。,我们应该禁止工厂养殖。
10538,把动物当作产品对待是不人道的,我们应该禁止工厂养殖
10539,对于某人自愿携带并为他人生育孩子是合法的,代孕应该被禁止。
10540,宪法中并未规定政府采取紧缩政策。,我们应该采取紧缩政策。
10541,尚不清楚人类克隆可能对人类族群产生哪些负面影响。,我们应该禁止人类克隆。
10542,这不是自然的，可能会导致意想不到的突变和疾病。,我们应该禁止人类克隆。
10543,动物被关在笼子里是不自然的,我们应该废除动物园
10544,父母为他们未出生的宝宝选择性别并不是一种自然的做法。,我们应该合法化性别选择。
10545,当我们有表现出色的警察时，携带枪支就显得不是必要的。,我们应该废除拥有和携带武器的权利。
10546,不需要对新闻业提供补贴，因为记者是由他们为之写作的报纸支付报酬。,我们应该资助新闻业
10547,这是不需要的，没有它们生活会更好。,我们应该结束经济制裁的使用
10548,我们没有权利决定一个人可以有多少个丈夫或妻子，所以我们不应该制定反对一夫多妻的法律。,我们应该将一夫多妻制合法化。
10549,我们不可能心安理得地入睡，因为总有一天会有人毁掉这个星球。,我们应该为废除核武器而奋斗。
10550,无法确定人们所说的是否为真。,社交媒体带来的伤害大于益处。
10551,提供一个安全空间并不现实，所以我们应该放弃并废除安全空间。,我们应该废除安全空间。
10552,人类不应该扮演上帝的角色。,我们应该禁止人类克隆。
10553,基督徒强行向更贫困、更脆弱的人传递他们的信息是不正确的。,我们应该禁止传教工作
10554,如果孩子希望从事这个领域的工作并实现他们的愿望和进步，禁止儿童演员是不正确的。,我们应该禁止使用童星。
10555,强迫不想参与投票的人参加是不对的。,我们应该实行强制投票。
10556,强迫孩子信仰宗教是不正确的。,我们应该禁止学校祈祷
10557,无限期拘留人员而不经审判和正当程序是不正确的。,我们应该关闭关塔那摩湾拘留营。
10558,把一些根本不道德且伤害参与者的事情合法化是不对的。,我们应该将卖淫合法化。
10559,让另一个国家为他们的做法感到羞耻是不对的。,我们应该结束使用经济制裁。
10560,为某人提供犯罪机会是不正确的。,诱捕应该合法化
10561,在研究中并非科学上必须使用胚胎干细胞，有些人认为它们的使用是不道德和不道德的。,我们应该资助胚胎干细胞研究。
10562,政府无权干涉人们在自己身体中输入什么，这是在监管方面的过度干预。,我们应该禁止快餐。
10563,政府的角色不是给予父母资金让他们待在家里。要给全职爸爸提供收入，需要增加多少税收？,我们应该对居家爸爸提供补贴。
10564,政府的角色不是保护公民免受糟糕决定的影响。,应该禁止发放工资日贷款。
10565,人们并没有权利决定其他人的生活，甚至，甚至是他们自己的生活。,协助自杀应该构成犯罪行为
10566,为了让人们看起来更好而冒整形手术的风险是不值得的。,我们应该禁止整容手术。
10567,这只不过是理解到不同性别的人不会和我们有相同的思维方式，有些词语对他们来说常常令人不悦。,我们应该采用性别中立的语言。
10568,现在人们可以很容易地对他人进行欺凌，因为他们无需面对受害者。,社交媒体带来的伤害大于好处。
10569,现在几乎不可能确定哪些新闻故事是真实的，这在很大程度上是由社交媒体上的虚假新闻所导致的。,社交媒体带来的危害大于好处。
10570,记录显示，现在有更多的儿童在国家监护下受到性侵犯、身体虐待和情感虐待。,寄养制度带来的伤害大于益处
10571,现在是私营部门开始朝着太空探索努力和利用赚取的资金，以免受政府控制的时候了。,我们应该资助太空探索。
10572,从今天通奸者的数量就可以明显看出，仅有两个人之间的长期关系因种种原因是不可持续的；允许夫妻扩展他们的关系可以带来更稳定的家庭。,我们应该合法化一夫多妻制。
10573,这往往是未来种族犯罪的征兆。,否认大屠杀应该是一种犯罪行为。
10574,通常很难使用标准智商测试来衡量那些以非标准方式沟通的人的能力。,智力测试带来的危害大于益处。
10575,这是其中最糟糕的邪教之一，应该被禁止。,我们应该禁止科学教会。
10576,一个人或公司创造了某样东西，应当有权保护自己，以防止他人从他人辛苦劳动中获利。,我们应该废除知识产权。
10577,如果一个人实施了严重犯罪三次，我们只能认为他们没有希望得到救赎。,我们应该废除三挑战法案。
10578,那些播下死亡的人应该明白，他们将收获他们所播下的果实。,我们应该废除死刑。
10579,这是我们的身体，我们可以随心所欲地对其进行美容手术。,我们应该禁止整形手术。
10580,我们有权选择过我们想要的生活方式，包括宗教和无神论。,我们应该接受无神论。
10581,我们的工作是帮助监督世界，关塔那摩湾拘留营是保护人民免受恶人侵害的一种方式。,我们应该关闭关塔那摩湾拘留营。
10582,如果我们不同意选项，选择不投票是我们的权利。,我们应该推行强制投票制度。
10583,根据宪法规定，我们有权拥有和携带武器，并明确规定不得侵犯这一权利。如果废除这一权利，就是违背美利坚合众国宪法。,我们应该废除持有和携带武器的权利。
10584,这已经过时了，我们生活在现代社会，应该像以前一样被禁止。,应该放弃独身誓约。
10585,这种拥挤情况可能导致疾病发生。,我们应该禁止工厂养殖。
10586,在某些情况下，这可能会被用作谋杀手段。,协助自杀应该是一种刑事犯罪。
10587,我们有可能对一个无辜的个体进行死刑处罚。,我们应该废除死刑。
10588,鲸鱼可能会对其他海洋生物造成伤害。,我们应该禁止捕鲸。
10589,最好的做法是将种族歧视公之于众，这样便能够进行批评和必要时作出回应，而不是把它隐藏起来。,我们应该结束种族歧视。
10590,更好的做法是合法化诱导行为，并允许对遵守法律的民众进行随机检测，而不是过度执法和社区监控，这会消耗更多资源并导致与社区的紧张关系。,应该将诱捕合法化。
10591,拥有多个配偶真的很恶心。,我们应该合法化一夫多妻制。
10592,它正在阻止人道主义援助抵达需要帮助的人们身边。,加沙地带的封锁应该结束。
10593,已经证明非裔美国人是犯罪率最高的人群。,我们应该结束种族歧视。
10594,已经证明了某些少数群体被忽视，而平权行动只是重新调整平衡。,我们应该结束平权行动。
10595,有证据表明自然疗法的安慰剂效应对一些人有帮助。,我们应该禁止自然疗法
10596,这是种族主义的，不应该存在于当今社会。,我们应该结束种族歧视。
10597,这种言论是种族主义的，如今已经没有在社会中存在的位置。,我们应该停止种族歧视。
10598,帮助人们学习他们擅长的事情是非常重要的。,我们应该对职业教育进行补助。
10599,每年都有许多孩子需要临时住房和照顾，建立一个更为集中、由国家运营的系统将需要更高的成本，涉及新基础设施、资源和有薪照料者。,寄养会带来更多的伤害而不是好处
10600,这实际上只是另一个暗杀的称呼。,我们应该禁止有针对性的暗杀。
10601,这是应受谴责的，我们应该尽一切努力消除它。,我们应该结束种族歧视。
10602,这是一种逆向歧视，只有某些少数族裔受益。亚裔并不从中受益。,我们应该终止平权法案。
10603,因为一些两千年前的神话故事而不愿意发生性行为，这简直荒谬可笑。,应该放弃禁欲的誓言。
10604,这种信仰让人们如此盲从，太可笑了。,应该放弃独身誓言
10605,公司向那些什么也不做的高管支付巨额薪水，而只给赚取他们钱的人支付最低工资，这是荒谬的。,我们应该限制高管薪酬。
10606,相信上帝是荒谬的，因为有如此多的科学反证。,我们应该采纳无神论。
10607,将普通语言改变以满足认为性别中立语言是未来发展方向的少数人是荒谬的,我们应该采用性别中立的语言。
10608,优秀的孩子能够通过表演赚钱是合情合理的。,我们应该禁止使用儿童演员。
10609,每个人都有权选择他们希望信仰的宗教以及在该宗教内决定接受的信仰。,我们应该禁止科学研究教会。
10610,当动物被关在笼子或小空间里时，这是令人难过的。,我们应该废除动物园。
10611,它比传统药物更安全且有效。,我们应该禁止自然疗法。
10612,据说古典自由主义关注个人权利、财产权、自由市场、资本主义、正义或非侵略原则。然而，这些原则都无法实现。,我们应该采纳自由主义。
10613,科学已经证明，女性在战斗行动中和男性一样有能力，因此对女性的歧视是无法解释的。,我们应该禁止妇女参与战斗。
10614,我们的士兵的举动曝光后，我们继续维持关塔那摩湾开放是令人羞耻的。,我们应该关闭关塔那摩湾拘留营。
10615,如今没有学位很难找到工作，所以应该帮助年轻人偿还他们的学生贷款。,我们应该为学生贷款提供补贴。
10616,"谈论一群人时，选择使用""他""还是""她""，""他""还是""她""，或者干脆使用""他们""，""他们""之间的选择是如此困难。拥有一个性别中性的语言将解决这个问题。 ",我们应该采用性别中立的语言。
10617,社会有权保护自己，而武器是最好的威慑力。,我们应该废除持有和携带武器的权利
10618,任何人都有权选择他们将追随什么信仰。,我们应该禁止科学教会。
10619,这是真实发生在数百万犹太人身上的事情，对此视而不见是一种罪行。,否认大屠杀应该是一种犯罪行为
10620,有时候，对于真正危险的恐怖分子和国家威胁，采取先发制人的方式是必要的——依靠常规引渡程序太慢，可能会造成生命损失。,我们应该禁止有针对性的暗杀。
10621,当一个国家经济困难时，有时会有必要的。,我们应该采取紧缩政策。
10622,在某些情况下，当在法庭上无法取得足够的罪证，或者恐怖分子位于另一个国家时，对目标进行定点暗杀有时是必要的。,我们应该禁止有针对性的暗杀。
10623,有时候这是解决国与国之间外交关系的唯一解决方案。,我们应该结束使用经济制裁。
10624,一个人选择坚信什么仍然是一项权利,我们应该禁止科学教会。
10625,现在让自动驾驶汽车自由行驶还为时过早。,我们应该停止自动驾驶汽车的发展。
10626,现在给她对这种技术类型产生信心还为时过早。,我们应该停止自动驾驶汽车的发展。
10627,天主教的基石是神父应守独身，要放弃这一信念意味着期望天主教徒重新考虑或放弃他们的信仰，对他们造成损害。,应该放弃独身誓言
10628,这是证明谁更聪明的最好方法。,智力测试带来的伤害大于益处。
10629,这是教导孩子分辨是非的最佳方式。,在学校中，我们应该采取零容忍政策。
10630,每个人都有责任了解政治局势，并为自己的利益发表意见。,我们应该引入强制投票。
10631,"汽车出行的未来将更加高效地利用燃料由于缺乏人为错误，汽车会更安全由于计划智能人工驾驶，道路拥堵将会大大减少",我们应该停止自动驾驶汽车的发展。
10632,这是权威百科全书，应尽可能具有最高质量。,我们应该对维基百科进行补贴。
10633,每个家长都有权利选择在家自行教育他们的孩子。,应该禁止家庭教育。
10634,个体学生是否选择接受大学教育，这是他们个人的选择。他们增加的潜在收入将覆盖学费，并逐渐偿还，使其预算负担较低。,我们应该给学生贷款提供补贴。
10635,"这是对最严重犯罪的最有效威慑。用勤劳人民的钱来维持一个犯下滔天罪行的人终身监禁，是一种浪费。",我们应该废除死刑。
10636,这是生产食物的最有效方式。,我们应该禁止工厂农场。
10637,这是生产食物的最有效方式。,我们应该禁止工厂化养殖。
10638,这是我们目前唯一可以喂饱大众的方式。,我们应该禁止工厂养殖。
10639,一个人是否选择行使他们的投票权是他们的权利。,我们应该引入强制投票。
10640,每个美国人都有权选择携带武器。,我们应该废除持有和携带武器的权利
10641,每个好公民保护自己和家人免受罪犯和邪恶暴君侵害的权利，拥有并携带武器是实现这一目标的重要组成部分。,我们应该废除持有和携带武器的权利。
10642,每个人都有权决定如何处理自己的身体，整形手术就是其中之一的选择。,我们应该禁止未成年人进行整容手术。
10643,个人有权决定是否投票，以及投票给谁。不投票也是一种选择，在自由国家受到保护的权利，不能被践踏。,我们应该引入强制投票。
10644,人民有权保卫自己，甚至可以使用致命武力。,我们应该废除持有和携带武器的权利
10645,人民有权获得法律代理，这将确保所有人都有权利和途径。,公共辩护律师的使用应该是强制的
10646,这与暗杀是一样的，也可能会导致无辜人员死亡。,我们应该禁止有针对性的暗杀。
10647,这与种植食物植物相同，只是它们需要照料。,我们应该禁止工厂养殖。
10648,独身誓约是导致许多受挫的神职人员继而虐待儿童的原因。,应该放弃独身誓言。
10649,居民选择呆在家里而不是去工作是他们的选择，为什么纳税人要为此买单呢？,我们应该给待在家照顾孩子的父亲提供补贴。
10650,当公共资金被削减时，最受需要的人会受到最严重的影响。,我们应该采取紧缩的制度。
10651,只有经过伟大的个体不受他人约束，我们所有人才能繁荣发展。,我们应该反对集体主义。
10652,这样做可以节省时间。你可以比一个步行的销售代表更快地接触到大量的潜在客户。,我们应该禁止电话营销。
10653,是时候根据每个人的技能和才华来评判了。所有人都应该在公平的竞技场上竞争。,我们应该结束平权法案。
10654,建造和维护自动驾驶汽车成本太高。,我们应该停止自动驾驶车辆的发展。
10655,确定传教工作是剥削的还是真诚的太困难了，因此完全禁止可能是一个过度纠正的做法。,我们应该禁止传教工作。
10656,保障知识产权太困难了，因此应该废除，把资源集中在其他地方。,我们应该废除知识产权。
10657,目前获取枪支太容易了，这导致了许多死亡和伤害。,我们应该废除拥有和携带武器的权利。
10658,对轻罪入狱的人来说，这样做太昂贵了。,我们应该废除三振法。
10659,这太宽容了，不确定某人的立场。,我们应该采纳自由主义。
10660,这是对金钱和资源的彻底浪费,我们应该废除奥林匹克运动会。
10661,这是由于涉及司法系统的人的人性所造成的，是不可避免的。,我们应该限制司法激进主义。
10662,因为一个人的种族而对其进行针对性打击是不道德的。,我们应该结束种族歧视。
10663,强迫政府雇员在关塔那摩工作是不道德的，他们被迫违反国际政策。,我们应该关闭关塔纳摩湾拘留营
10664,如果两个人同时想出了一件事情，但其中一个比另一个先到专利局申请专利，这样就是不公平的，因为后者就无法使用自己的想法。,我们应该废除知识产权。
10665,继续封锁对居民是不公平的。,加沙地带的封锁应该结束。
10666,如果他们决定不收养这个孩子，对孩子来说是不公平的，因为他们可能会被抛弃没有父母。,代孕应该被禁止。
10667,对那些被欺负的人来说，将他们与欺负者同等对待是不公平的,在学校应该实行零容忍政策。
10668,CEO 应该收集复利财富，同时支付最低工资的员工，以至于他们勉强脱离贫困线，这是不公平的。,我们应该限制高管薪酬
10669,对某人因轻微罪行而被监禁是不公平的,我们应该废除三次定罪法。
10670,富人在法庭上比穷人占据优势是不公平的，你不应该因为有钱就能避免被起诉。如果所有人都被指定为公共辩护律师，那么系统会更加公平。,公共辩护律师的使用应该是强制性的。
10671,在战场外暗杀他人是不公平的。,我们应该禁止有针对性的暗杀。
10672,判定一个人第三次犯罪且并非取决于罪行的严重程度是不公平的。,我们应该废除三挡条款。
10673,对一个患有晚期疾病的人强迫他们继续受到巨大痛苦是不公平的，因为他们本来就快要死了。唯一人道和富有同情心的帮助方式是允许辅助自杀。,协助自杀应被视为犯罪行为
10674,在决定孩子教育最好方式时替父母做决定是不公平的。,应该禁止家庭教育
10675,强制推行一种信念体系，即使是类似无神论这样的“不信仰”，也是不公平的。,我们应该采纳无神论。
10676,仅仅对职业教育进行补贴是不公平的。获得更高等级的教育非常昂贵，也需要得到补贴。,我们应该资助职业教育。
10677,说每个父母都缺乏提供全面教育的能力是不公平的。,应该禁止家庭教育。
10678,如果他们选择这样做，剥夺自己捍卫自己行为的权利是不公平的。,公共捍卫律师的使用应当成为强制要求。
10679,对于那些无法接触算法交易的人来说，这是不公平的，会让他们处于不利地位，因此创造公平竞争的环境更加公正。,我们应该禁止算法交易
10680,将动物从它们的自然栖息地中困住，关在狭小空间进行娱乐表演是不公平的。,我们应该废除动物园
10681,这是没有根据的，政府不应该为此付款。,我们应该资助胚胎干细胞研究
10682,这是不公正的，对少数群体进行歧视。,我们应该废除三挡法。
10683,强迫政府员工执行死刑这种方式是不公正的。,我们应该废除死刑。
10684,强迫政府雇员夺取生命是不公正的。,我们应该废除死刑。
10685,在无辜公民不是肇事者的情况下伤害他们是不公正的,我们应该结束使用经济制裁。
10686,惩罚平民因为军事行动是不公正的。,加沙地带的封锁应该结束。
10687,这是不自然的，让人类扮演上帝。,我们应该合法化性别选择。
10688,人们禁欲是不自然的，特别是那些后来参与到他人婚姻和子女生活中的人，比如神职人员，他们对这个主题一无所知。,应该放弃独身誓言。
10689,禁欲是不自然的，应该被抛弃。,应该放弃独身誓约。
10690,把动物囚禁起来只为了娱乐人类是不自然的。,我们应该废除动物园
10691,在维护关塔那摩设施上花费如此巨大的资金是不必要的。,我们应该关闭关塔那摩湾拘留营。
10692,这是不爱国的行为，是恐怖行径。,我们应该禁止烧国旗。
10693,一个人是否希望出售性服务，是由他们自己决定的，而不受其他人干涉。,我们应该合法化卖淫。
10694,每个家庭是否能应对单一收入结构取决于他们自己，我们不应该偏向任何一种生活方式。,我们应该对全职在家父亲提供补贴。
10695,个人根据他们手头的证据来判断一个事件是否发生。,否认大屠杀应当成为一项犯罪行为。
10696,个人选择吃什么食物取决于个人，即使是不健康的。如果禁止快餐，也可能会禁止蛋糕和饼干，因为这些食物也会导致肥胖。,我们应该禁止快餐。
10697,由雇主支付记者的工资，而不是政府。,我们应该给新闻业提供补贴。
10698,它被用来不仅消除歧视，而且纠正过去歧视的影响。,我们应该结束平权行动。
10699,它使用天然产品，是一种自助形式。,我们应该禁止自然疗法。
10700,高管获取额外报酬也是合理的。,我们应该限制高管薪酬。
10701,当你把一个孩子从有毒的环境带到充满爱的健康环境中时，这是非常有益的。,寄养护理带来的害处多于好处。
10702,要确定谁拥有特定的知识产权是非常困难的，例如古典音乐或流行歌曲，比如《生日快乐》。,我们应该废除知识产权。
10703,定义和识别知识产权非常困难。,我们应该废除知识产权。
10704,这是非常歧视的，因为判断是基于一个人的种族。,我们应该结束种族歧视。
10705,资助居家爸爸，而不资助居家妈妈，是非常歧视性的。,我们应该对全职在家爸爸提供补贴。
10706,这太昂贵了，政府应该把这笔钱花在更重要的事情上。,我们应该资助太空探索。
10707,这很不健康，对你的身体也不好。,我们应该禁止快餐。
10708,在我们打击恐怖主义的斗争中，这是至关重要的。,我们应该关闭关塔那摩湾拘留营
10709,探索其他世界对我们来说至关重要。地球的空间和资源正在迅速枯竭，只有通过探索，我们才能找到更多居住的地方。,我们应该资助太空探索。
10710,这是浪费金钱。没有人知道外面有什么，这些钱可以用在地球上已经证实的问题上。,我们应该对太空探索进行资助。
10711,这是吸引最优秀的领导者为某一家公司工作而不是其他公司的原因。,我们应该限制高管薪酬。
10712,公司有运营自主权决定员工的薪资。如果其他员工不满意，他们可以自由选择离开加入符合他们的公司。,我们应该限制高管的薪酬。
10713,使用胚胎进行研究是错误的和不道德的。,我们应该对胚胎干细胞研究提供补贴。
10714,这是错误的并且可能会让孩子感到非常困惑。,我们应该合法化一夫多妻。
10715,废除知识产权是错误的，因为这基本上是在告诉人们，他们的思想和创意不属于他们自己。,我们应该废除知识产权。
10716,让人们出售他们的器官是错误的,我们应该合法化器官交易。
10717,这是你的身体，所以是你的选择。,我们应该禁止整形手术
10718,强迫人们犯另一罪行然后对他们进行起诉并不正确，因此这种做法不应该合法。,应该合法化诱捕。
10719,让只有某些人得到报酬是不公平的。所有员工都为公司的成功作出贡献。,我们应该限制高管薪酬
10720,人们因为种族而被更严格监视或被像罪犯一样对待是不公平的。,我们应该结束种族歧视。
10721,对人们而言，在充满污染的拥挤城市里生活是不健康的,我们应该抵制城市化。
10722,这不仅仅是关于否认本身，而且是一种针对犹太人的阴谋，用来伤害和杀害今天的犹太人。因此，我认为这种言论应该受到监管。,否认大屠杀应成为一种刑事犯罪。
10723,当人们可以出售器官时，无法控制将会发生什么。,我们应该合法化器官交易
10724,如果一个人并没有已经决定要犯罪，那么将其设法陷害并不太可能。,应该合法化诱捕。
10725,夺取任何人的生命都是错误的。,我们应该禁止有针对性的杀戮。
10726,任何纳税人没有义务为帮助别人接受教育而捐款。那是个人选择，如果他们想上大学，他们就需要自己付费。,我们应该对学生贷款进行补贴
10727,没有任何人有义务帮助学生支付教育成本。如果一个学生想要接受教育，他们必须意识到教育是有成本的，不会免费提供。,我们应该对学生贷款进行补助。
10728,这只是一件毫无意义的材料。,我们应该禁止烧国旗。
10729,这只是在歧视白人,我们应该结束平权行动。
10730,这只会给人们带来虚假的希望。,我们应该禁止自然疗法。
10731,它将所有危险罪犯都隔离在社会之外。,我们应该关闭关塔那摩湾拘留营
10732,它将所有疯子都集中在一起。,我们应该禁止科学教会。
10733,它让惯犯继续留在监狱，并增加了公民的安全。,我们应该废除三罢法。
10734,它能够防止他人侵犯专利想法。,我们应该废除知识产权。
10735,它确保我们的孩子安全，并在放学后为他们做好进入现实世界的准备（警察在逮捕你之前不会接受任何借口，因此老师和管理人员也不应该接受）。,我们应该在学校实行零容忍政策
10736,它保持了法庭上的公平竞争。,公共辩护律师的使用应该是强制性的。
10737,它可以控制鲸鱼种群的数量。,我们应该禁止捕鲸。
10738,这只会让被惩罚的人成为烈士。,我们应该废除死刑。
10739,这导致了一种文化，让人们为自己的个性感到尴尬。,我们应该禁止整容手术
10740,这导致了内讧，人们更关心自己的政党而不是对团体或国家更有利的事情。,我们应该采用多党制。
10741,这导致了自然和生态系统的破坏。,我们应该抵制城市化。
10742,这导致了无法管理的债务，束缚毕业生许多年。,我们应该给学生贷款补贴。
10743,它让你可以轻松地与世界各地的朋友和家人保持联系。,社交媒体带来的危害大于好处。
10744,如果最终结果是一个多党制，导致人们感到他们没有发言权，那么为你所支持的政党投票将变成嘲弄。,我们应该采取多党制。
10745,它使学校成为孩子们学习的安全场所,我们应该在学校实施零容忍政策。
10746,这让孩子们在太小的时候被迫工作，他们还没有足够的能力为自己做决定，这会让他们失去和学校朋友在一起的时间，无法尽享童年。,我们应该禁止使用童星。
10747,这让每个人看起来都一样，这样贫困的孩子就不会受苦。,我们应该放弃使用校服。
10748,为当地社区带来收入。,我们应该废除奥运会。
10749,这使得更容易区分出种族主义者，这样我们就可以遺避他们。,我们应该停止种族歧视定性
10750,这让年轻人很难找到工作，因为很多人仍在工作，而他们本可以退休，这样会有更多的工作岗位空缺。,我们应该取消强制退休。
10751,它创造就业机会并增加食品产量。,我们应该禁止工厂养殖
10752,将创造力商标化是毫无意义的。,我们应该废除知识产权。
10753,如果没有必要，就没有必要接受手术 - 考虑到所有潜在的风险和并发症。,我们应该禁止未成年人进行整形手术。
10754,这会让人变胖并引起健康问题。,我们应该禁止快餐。
10755,这会让人变得过于敏感。在现实世界中，人们会感到受到威胁，但他们却无法逃避。,我们应该废除安全空间。
10756,这会在婚姻之间制造问题，因为男人与生母有联系。,代孕应该被禁止。
10757,这让一些人做出他们通常不会做的事，这是不对的,诱导法应该合法化
10758,它使交易变得更简单易用，对于那些新手来说非常有益。,我们应该禁止算法交易。
10759,无论核冲突发生的可能性有多小，它所带来的危险都是严重的。为了作为一个社会生存下去，我们必须消除核武器。,我们应该为废除核武器而战。
10760,这可能是错误的，但人们应该有权相信他们想要相信的。,否认大屠杀应成为一种刑事犯罪。
10761,也许取消这些活动会更安全。此外，您可以节省不用提供必要的安保来节省开支。,我们应该取消骄傲大游行。
10762,这可能会给愚蠢的人带来一些安心。,顺势疗法带来的危害大于益处。
10763,这可能会在某些人看来引发一些道德问题。,我们应该资助胚胎干细胞研究
10764,这可能会造成一个两级制度，富人会选择接受正规教育，而穷人感觉唯一选择就是职业培训，或许更好的办法是帮助贫困学生上大学。,我们应该对职业教育进行补贴.
10765,这可能影响其公正性，政府可能利用他们的资金来影响编辑。,我们应该资助维基百科。
10766,它可能有助于治疗不需要处方药物的疾病。,我们应该禁止自然疗法
10767,这可能导致男性或女性人口过剩。,我们应该合法化性别选择。
10768,这可能会导致医学的突破。,我们应该禁止人类克隆。
10769,向人们展示他们愚蠢的事实可能会让他们感到不快。,智力测试带来的危害大于益处
10770,如果他们没有得到那个角色，可能会让他们感到沮丧。,我们应该禁止使用童星。
10771,这也许是那些无法通过其他方式生育子女的人的唯一机会。,代孕应该被禁止。
10772,如果选票在两个或多个政党之间平分，政党要取得多数席位可能会变得困难。结果，通过法律也将变得困难。,我们应该采取多党制。
10773,这可能导致一些无法抗拒诱惑的无辜人士被起诉并判刑。,陷阱应该被合法化。
10774,在大多数情况下，这种做法可能根本不会起作用，因为如果一个学生把炸弹带到课堂，他们会隐藏起来，并在能够的时候使用它。,我们应该在学校实施零容忍政策
10775,必须废除法律允许携带武器，因为有许多多人谋杀案例都是由于合法携带武器所引起的。,我们应该废除持有和携带武器的权利
10776,任何个人都有权选择自己的辩护律师，如果他们有能力选择最好的律师，就不应该被剥夺这样的机会。,公共辩护律师的使用应当是强制性的
10777,必须禁止，因为在许多情况下，谋杀案是针对错误的人发生的。,我们应该禁止有针对性的暗杀。
10778,如果他想参加学校的祈祷，那么这必须是每个人的选择。,我们应该禁止学校祈祷。
10779,当不处于战争状态或作为司法惩罚的一部分时，单凭一个团体或政府的心血来潮就暗杀个人必须是非法的。,我们应该禁止有针对性的暗杀。
10780,它必须被用来遏制那些更有可能犯罪的群体之间的犯罪。,我们应该结束种族歧视。
10781,它不必结束，因为它会阻止某些商品进入。,加沙地带的封锁应该结束。
10782,它需要金钱，被很多人使用。,我们应该对维基百科进行补贴。
10783,它需要与现在的时间保持一致并被抛弃，他们和其他人一样有着相同的欲望。,应该放弃独身誓言。
10784,它需要被保护，因为这是宗教，而在这里我们有宗教自由。,我们应该禁止科学教会。
10785,它需要受到管制，否则可能会危害人们。,我们应该禁止自然疗法。
10786,人们需要保持和平，以便他们可以继续过上平静的生活。,加沙地带的封锁应该结束。
10787,它需要保持这样，以确保公众的安全。,我们应该关闭关塔那摩湾拘留营。
10788,它否定了有关种族灭绝的已知事实。,否认大屠杀应该被视为犯罪行为。
10789,对于那些没有保险的人来说，它提供了一个很好的选择。,顺势疗法带来的伤害大于好处。
10790,它为那些尚未决定要犯罪的人提供了犯罪的机会。,应该合法化诱捕行为
10791,这往往会吸引强盗袭击村庄。传教士们通过媒体吹嘘自己的行为。他们离开后，这些村庄就会遭受袭击，留下的物品被抢劫，村民遭受伤害甚至丧生。,我们应该禁止传教工作。
10792,它经常会导致无辜人员和目标一起丧生。,我们应该禁止有针对性的暗杀。
10793,它经常激化情况并导致暴力。,我们应该禁止烧国旗。
10794,这经常会导致对女性的剥削。,代孕应该被禁止。
10795,自然疗法治疗通常需要很长时间才能影响身体并治愈疾病。,我们应该禁止自然疗法。
10796,它经常试图进行过大的交易。,我们应该禁止算法交易。
10797,它只是用来折磨和无限期羁押人们而没有审判,我们应该关闭关塔那摩湾拘留营。
10798,只需要一个疯子掌控引爆核武器就能摧毁整个世界，因此如果从这个方程中拿掉这些武器，世界肯定会变得更安全。,我们应该为废除核武器而奋斗。
10799,只需要一个掌权者就可以发动一场可能让我们全部丧生的核战争。我们应该剥夺这种权力。,我们应该为废除核武器而奋斗。
10800,只需要一个流氓国家发动核攻击，就可能引发国际核打击，消灭地球上所有人类生命。,我们应该为废除核武器而奋斗。
10801,应该允许出于医疗目的,我们应该禁止未成年人进行整容手术。
10802,它会自己赚回成本，没有必要这样做。,我们应该对新闻业进行补贴。
10803,这会给人们带来压力，让他们似乎一直过着完美的生活。,社交媒体带来的危害大于好处。
10804,这阻止了食品、物资和关注帮助巴勒斯坦人民。,加沙地带的封锁应当结束。
10805,这可以防止某些人因为有钱而拥有比其他人更好的防御力。,公共辩护律师的使用应该是强制性的。
10806,它阻止武器走私，保障人们的安全,加沙地带的封锁应该结束。
10807,它在国际舞台上促进了国际团结。,我们应该废除奥运会。
10808,它为资金有限的人提供了一种低成本选择。,我们应该禁止工厂养殖
10809,"它为被遗弃的孩子提供了必要的功能。许多寄养儿童适应良好并且快乐。否则他们将去哪里？孤儿院肯定是更糟糕的选择。",寄养制度带来的伤害远大于益处。
10810,它为孩子提供一个稳定的环境。,我们应该放弃婚姻
10811,它为一些人提供了有用的收入。,我们应该禁止自然疗法。
10812,它为人们提供了一种赚取收入的方式。,我们应该禁止电话营销。
10813,它为消费者提供廉价的产品。,我们应该禁止工厂养殖
10814,它提供即时现金，几乎每个人都能得到。,应该禁止发放薪资贷款
10815,它为以色列提供了保护，以应对所面临的安全威胁。,加沙地带的封锁应该结束。
10816,它为受害者提供了公正，让他们感到安全。,我们应该废除三罪立法。
10817,强制退休是一个好主意，因为它为那些需要为家庭谋求收入的人提供了更多的工作机会。,我们应该结束强制性退休。
10818,它为人们提供了获得好工作所需的技能。,我们应该给职业教育提供补贴。
10819,它给人们提供了虚假的希望。,顺势疗法带来的危害大于益处。
10820,它为人们提供了联系的途径。您可以通过这个平台方便地经常与家人或朋友保持联系，否则可能是不可能的。,社交媒体带来的危害大于好处。
10821,它提供了抵达更广阔市场的机会。可以触及那些不会上网或主动购买产品的人。,我们应该禁止电话推销。
10822,它将动物置于拥挤和残忍的环境中，因此应该被禁止。,我们应该禁止工厂养殖
10823,这实际上只是对另一个国家的一种愤怒姿态，除了作为情感象征之外，并没有其他效果。,我们应该禁止烧国旗。
10824,这破坏土地且挤垮了小企业。,我们应该禁止工厂化养殖。
10825,它能够从长远来看节省父母的钱。,我们应该放弃使用校服。
10826,这似乎是浪费时间和金钱。,我们应该放弃婚姻
10827,这看起来像是一个古怪的宗教，他们都有点疯狂。,我们应该禁止科学教会。
10828,看起来每周都会发生一起校园枪击事件。时候已经到了废除持有和携带武器的权利了。,我们应该废除持有和携带武器的权利。
10829,禁止烧国旗似乎是个好主意，我认为应该埋掉它。,我们应该禁止烧国旗。
10830,我认为禁止选择性杀戮是件好事，因为人们的命运不应该掌握在我们手中，我认为这应该由国家及其特种部队来决定。,我们应该禁止有针对性的暗杀。
10831,这似乎太像试图扮演上帝的角色。,我们应该资助胚胎干细胞研究
10832,这会向社会传递错误的信息，认为药物使用是可以接受的。,我们应该合法化大麻
10833,这句话传达了一个信息，即如果你做太多错误的事情，你最终会付出代价。,我们应该废除三罢法。
10834,它向LGBT社区传达了宝贵的信息，即他们有权利并且能够庆祝自己的生活。,我们应该取消骄傲游行。
10835,这传达了一个有价值的信息：你的选票和你的意见对民主决策至关重要。如果某些人群的广泛部分不投票，民主就不可能代表人民。,我们应该引入强制选举制。
10836,它为年轻一代树立了不好的榜样，并让他们远离社会伦理。,我们应该合法化卖淫。
10837,每个学生是否吸烟应该是一个选择，学校不应限制烟草使用，或者至少提供一个允许吸烟的区域。,我们应该在学校实施零容忍政策。
10838,这应被视为刑事犯罪，因为这是一个事实上的大规模种族灭绝，否认这一点就是轻视对犹太人和其他群体和社区的灭绝。,否认大屠杀应该是一种刑事犯罪。
10839,这应该构成犯罪行为，因为这是发生过的事情，并且是不对的。,否认大屠杀应该被视为一种刑事犯罪。
10840,这应该是一项刑事罪行，因为这是对所有死者的不尊重。如果有人否认大屠杀，那么他们是种族主义者和反犹太主义者，会在其他地方引发问题。,否认大屠杀应视为一种刑事犯罪
10841,这应该被视为一种犯罪行为，因为现在可能感到自杀情绪的人，在几周后可能就不再有这种想法。如果他们能克服自杀的念头，他们就有可能过上正常的生活。,协助自杀应该是一种刑事犯罪。
10842,这应该构成刑事犯罪，因为发生了可怕的事实记录的痛苦，不应被轻视或谎称。,否认大屠杀应该是违法行为。
10843,帮助自杀应该被视为犯罪行为，因为那是谋杀。,协助自杀应该是一种刑事犯罪。
10844,它应该被放弃，因为它们拥有与每个人类相同的欲望。,应当放弃独身誓约。
10845,应该废除它，而不是鼓励它。,我们应该合法化卖淫。
10846,这应该被允许，因为这是企业宣传服务和创造就业机会的重要工具。,我们应该禁止电话营销。
10847,我们应该被允许表达自己的观点和信仰，只要不伤害他人，因为我们需要这种自由。这种自由是我们所生活的世界中的重要组成部分。,我们应该禁止科学教会。
10848,只要不影响学生上课，学生应该被允许祈祷。,我们应该禁止学校祈祷
10849,年轻人应该被允许进入职场。,我们应该结束强制退休。
10850,应该允许协助处理某些类型人群犯罪问题。,我们应该结束种族歧视。
10851,应该允许帮助获取证据。,应该合法化诱捕。
10852,应该是个人的选择来决定他们对政治是否足够感兴趣，从而选择是否投票。,我们应该引入强制投票制度。
10853,投票应该是一个个人的选择，无论是投给谁，还是选择是否投票。如果一个人不想参与选举，国家没有权力强迫他们参与。,我们应该引入强制投票。
10854,如果一个孩子在家中没有得到适当的社会化，将无法理解社会的规范。,应禁止家庭教育。
10855,应该尽可能天然采摘的食材，因为这是实践的一部分。,我们应该禁止自然疗法。
10856,应该禁止代孕，因为我认为我们不应该付钱让一个人来承载别人的孩子。,代孕应该被禁止。
10857,它应该被禁止，因为它强迫人们相信教会。,我们应该禁止传教工作。
10858,它应该被禁止，因为它在科学上还没有得到证实。,我们应该禁止算法交易。
10859,这应该被禁止，因为大多数时候人们如果没有正确的药物，就不会康复。,我们应该禁止自然疗法。
10860,应该禁止这种做法，因为在家教上没有受到监督，可能会影响孩子的发展，使其无法进行社交。,应该禁止家庭教育。
10861,它应该被禁止，因为可能会导致生母想要保留孩子，并与夫妇产生各种冲突。,代孕应该被禁止。
10862,应该禁止这种做法，这样就不会夺走我们的农场，也不会导致更多的全球变暖。,我们应该禁止工厂养殖。
10863,应该禁止使用，以防止它们被用于非法活动。,我们应该禁止人类克隆。
10864,这应该被禁止，长期下来会导致替代者感到沮丧。,代孕应该被禁止。
10865,应该禁止这件事情，他们年纪太小，无法做出影响一生的选择。,我们应该禁止未成年人进行整形手术。
10866,它应该被取消，因为它促进了同性婚姻。,我们应该取消骄傲游行。
10867,这应该被归类为令人厌恶和虚假的仇恨犯罪。它试图为大规模凶手提供免责，并鼓励其他人效仿。,否认大屠杀应该被定为刑事犯罪。
10868,应该关闭，因为对那里的人来说太严酷和残忍了。,我们应该关闭关塔那摩湾拘留营。
10869,应该关闭，这是不人道的,我们应该关闭关塔那摩湾拘留营
10870,在公开谎称已知真实事实方面应该视为犯罪。这就是希特勒用来操纵数百万人的策略，让他们相信在屠杀数百万犹太人时他们是正确和正义的。,否认大屠杀应该是一种犯罪行为
10871,应该结束并让人们和平生活,加沙地带的封锁应该结束。
10872,这应该结束，因为它对加沙经济产生巨大影响，并使其发展受阻。,加沙地带的封锁应该结束。
10873,应该结束它，因为它阻止了无辜的人过上正常生活。,加沙地带的封锁应该结束。
10874,应该结束以便收到供应物资。,加沙地带的封锁应当结束。
10875,每个人都应该有责任参加投票，这样在投票站就可以有公正的代表，而不仅仅是少数人决定每个人的命运。,我们应该引入强制投票制。
10876,应该由从中获益的人资助,我们应该对太空探索进行补贴。
10877,应该由那些会从中受益的人提供资金。,我们应该资助胚胎干细胞研究
10878,它应该被引入，因为许多人不投票，这降低了投票率。,我们应该引入强制投票制。
10879,这应该是合法的，因为唯一受到伤害的是选择追求这个职业的个人。,我们应该将卖淫合法化。
10880,需要帮助来处理健康问题的人应当合法使用。,我们应该合法化大麻。
10881,应该合法化，这样就能抓住更多的罪犯让他们为自己的罪行付出代价。,应该合法化设陷阱。
10882,应该合法化，这样警方才能把所有毒品贩子赶出街头。,应该将诱导罪合法化。
10883,应该合法帮助病重的病人减轻疼痛。,我们应该合法化大麻
10884,一些高管获得过高的补偿，这是不合理的，应当进行限制。,我们应该限制高管的薪酬。
10885,这应该受限制，因为它对选民产生负面影响。,我们应限制司法激进主义。
10886,应该进行限制，因为有时候他们只是不喜欢那个人，这是不公平的。,我们应该限制司法激进主义。
10887,这是应该强制的，因为不是每个人都能支付律师费。,公共辩护律师的使用应该是强制性的
10888,当资金返还到企业时，它应该是推动更多生产力的动力。,我们应限制高管的薪酬
10889,这应该被禁止，这是对国家和为我们的国家而战的所有男女的不尊重。,我们应该禁止烧国旗。
10890,一个人何时退休应该是个人的选择。,我们应该结束强制退休。
10891,父母应该决定他们的孩子是否有能力应对演艺界。,我们应该禁止使用童星。
10892,个人是否改变外表应该由个人自己来决定。,我们应该禁止整容手术。
10893,个人是否投票应该是他个人的权利。,我们应该引入强制投票制度。
10894,学校是否教授特定宗教倾向应由学校的管理者决定。如果家长不满意，他们应该选择另一所学校。,我们应该禁止学校祈祷。
10895,教育孩子和选择最佳方案应该由父母自行决定。,家庭教育应该被禁止。
10896,有些法律已经过时，不再需要，因此当法官可以运用自己的判断时，事情会变得更好。,我们应该限制司法激进主义。
10897,它应该停止，因为它带来的问题比帮助更多。,加沙地带的封锁应该结束。
10898,经济走下坡路了，所以应该结束。,加沙地带的封锁应该结束。
10899,这不应该构成犯罪行为，因为这只是一种观点，而非实际犯罪行为。,否认大屠杀应该构成犯罪。
10900,这不应该是一项犯罪行为，因为在美国有言论自由的权利，无论言论是多么可怕。仅仅在言论上表现愚昧和仇恨并不构成犯罪。,否认大屠杀应该是一种犯罪行为
10901,这不应被放弃，因为他们选择属于教会。,应该放弃独身誓约。
10902,不应该被抛弃，我们应该尊重每个宗教的传统。,应该放弃独身誓约。
10903,应该不要废除它，因为它为人们提供了一个很好的平台，让人们看到犯罪的后果，让罪犯认识到他们行为的成本，因此它肯定会减少犯罪。,我们应该废除三次重罪法。
10904,传统不应该被废除，应该加以控制但不是取缔。,我们应该废除持有和携带武器的权利
10905,它不应该被废除。这是一个良好的威慑力量，可以让潜在的罪犯三思而后行。,我们应该废除三罪立法。
10906,这是不应该被允许的，因为这违背了上帝的旨意。,我们应该合法化性别选择。
10907,这不应该被禁止，因为它高效快捷。,我们应该禁止算法交易。
10908,这不应该被禁止，因为它更便宜且生产食物更快。,我们应该禁止工厂养殖。
10909,不应该被禁止，世界已经人口过剩，有很多需要被收养的孩子。,代孕应该被禁止。
10910,这不应被视为严重疾病的治疗方法。,我们应该禁止自然疗法
10911,不应该被禁止，快餐是在我们没有时间的时候更有效地进食的方式。,我们应该禁止快餐。
10912,不应该被禁止，而是应该受到想要祈祷的人以及不祈祷的人的尊重。,我们应该禁止学校祈祷。
10913,这不应该是合法的，因为它会影响你的思维。,我们应该合法化大麻
10914,这不应该合法，因为它会导致一些人犯下他们通常不会犯的罪行。,陷阱应该合法化
10915,这不应该合法，这既花费巨大又道德有问题。,我们应该合法化性别选择。
10916,我们不应该为了迎合一小部分容易被冒犯的人而改变措辞方式。,我们应该采用中性语言
10917,我认为不应该禁止，我认为军队也有权利建立他们自己的企业。,我们应该禁止私人军事公司。
10918,不应该被禁止，这是一个行之有效的司法制度，应继续受到尊重。,我们应该禁止有针对性的暗杀。
10919,它不应比任何其他形式的教育得到更多的补贴。,我们应该对职业教育进行补贴
10920,这不应该受到补贴，因为这样它将不再独立。,我们应该对维基百科进行补贴。
10921,不能这样做，因为这将侵犯言论自由。,否认大屠杀应该是一项刑事犯罪。
10922,直到问题得到解决，它都不应该结束,加沙地带的封锁应该结束。
10923,确定一个人的有罪或清白与其种族无关，因为无论什么种族的人都有可能犯罪。,我们应该结束种族歧视。
10924,它应该保持非法，并且无法进行足够的监控来确保人们捐赠是出于正确的理由，而不仅仅是出于金钱利益。,我们应该合法化器官交易
10925,这个地方应该继续开放，因为这些囚犯应该得到在这里接受惩罚的待遇。,我们应该关闭关塔那摩湾拘留营。
10926,应该保持成为两党制，因为如果选举时选择太多，人们会感到困惑。,我们应该采用多党制。
10927,这样我们就能确保每个人都得到恰当的代表。,公共辩护律师的使用应该是强制性的.
10928,这种生活方式不应被抛弃，因为选择这种生活的人知道他们需要守独身，这是他们自己做出的决定。,应该放弃独身誓言。
10929,如果有人身患重病、痛苦难忍，他们有权结束自己的生命，这不应该成为一种罪行。,协助自杀应该是一种刑事犯罪。
10930,它不应该被禁止，因为每个人都应该有机会拥有孩子，如果他们愿意为此付出如此多的金钱，那么他们肯定非常想要爱护这个孩子。,代孕应该被禁止。
10931,不应该禁止它，因为如果发生紧急情况，它可能会派上用场，而且每个人拿出它时都知道风险。,应该禁止发放支付日贷款。
10932,它不应该被禁止，因为它可以帮助新公司获得机会站稳脚跟，而不受大公司试图取代的干扰。,我们应该废除知识产权。
10933,它不应该被禁止，因为它为人们创造了很多工作岗位，减少了失业的风险。,我们应该禁止电话营销。
10934,不应该禁止，因为这会让很多人失去工作。这是一种让公司卖出更多产品的好办法。,我们应该禁止电话营销。
10935,这不应该是这样，因为如果有人生病和疼痛，他们有权利寻求帮助来结束自己的生命，如果他们觉得无法继续下去。,协助自杀应该是一种刑事犯罪。
10936,一些孩子在学校可能有困难，并非因为学校的问题，而是可能由于焦虑等原因。在家学习是一个不错的选择，让他们能够继续学习。,应该禁止家庭教育。
10937,不能结束，因为如果结束了，则可能导致更多的战斗和恐怖主义。,加沙地带的封锁应当结束。
10938,不应该结束，因为它会阻止一些不需要的货物进入。,加沙地带的封锁应该结束。
10939,这不应该是强制性的，因为他们可能不太擅长并且可能没有客户最好的利益在心。由于他们的报酬不如私人的多，所以他们可能没有尽到应该完成的工作。,公共辩护律师的使用应该是强制性的
10940,如果一个人处于晚期疾病状态，就不应该受到处罚，他们应该有权找到缓解疼痛的方法。,协助自杀应该是犯罪行为
10941,不应该，因为每个人都有言论自由的权利，如果将这视为犯罪行为，那还会引发什么其他问题。,否认大屠杀应该是一种刑事犯罪
10942,这不应该，因为它有助于解决某些危险问题。,加沙地带的封锁应该结束。
10943,听起来很粗鲁，必须立即禁止,我们应该禁止自然疗法。
10944,它阻碍了孩子们与其他孩子融合。,应禁止家庭教育
10945,这剥夺了人类的参与，而且机器很容易出错。,我们应该禁止算法交易。
10946,如果因为好的个人原因你投票支持的政党无法按照自己的意愿执政，那么选举就失去了意义。,我们应该采取多党制。
10947,只需要一个或两个不肖编辑者就可以破坏一篇文章，或者多篇文章，其他编辑者察觉到这种变化可能需要一段时间。,我们应该为维基百科提供补贴
10948,它帮助人们省去了自行执行操作的麻烦。,我们应该禁止算法交易。
10949,"它教导年轻人藏在屏幕后面说话而不受后果防止社交媒体欺凌是不可能的许多青少年自杀案件是由于社交媒体引起的",社交媒体带来的危害大于好处
10950,它教授的内容并不适合大多数人。,我们应该禁止科学教会。
10951,它倾向于更具盈利性并消除人为错误。,我们应该禁止算法交易。
10952,这是基于肤浅特征而非实际表现来不公平地偏袒人们。,我们应该结束平权行动。
10953,这不公平地使某些人获得优势，而不是让每个人都有平等的机会。,我们应该终止平权行动。
10954,这违反了《日内瓦公约》，应该被关闭。,我们应该关闭关塔那摩湾拘留营。
10955,这是一个可怕、悲剧性的事件，是世界上有史以来最糟糕的。我们需要从历史中吸取教训，如果否认历史，就会为它再次发生敞开大门，如果人们不相信它曾经发生。,否认大屠杀应该是一种犯罪行为
10956,这是一场可怕的事件，不应该被否认。我们需要从历史中吸取教训，每个人都需要知道这一事件的发生，并永远不要让它再次发生。,否认大屠杀应被视为犯罪行为。
10957,它是作为一种防范恐怖袭击、自杀式炸弹袭击的工具而建立的，如果它能让人们感到更安全，那就不应该被终止。,加沙地带的封锁应该结束。
10958,发现有80％的成年人曾被安置在寄养家庭中的孩子，生活状况不佳，其中四分之一至三分之一成为无家可归者或生活在贫困线以下。,寄养制度带来的伤害多于好处。
10959,他们选择把孩子带到这个世界，他们应该承担费用，而不是其他人。,我们应该对居家爸爸提供补贴。
10960,他们选择要孩子是他们的决定，他们应该支付照顾他们的费用。,我们应该对居家爸爸提供补贴。
10961,是你的决定或糟糕的判断导致了某人怀孕，你应该承担后果。,我们应该对居家爸爸进行补贴。
10962,这将会为女性创造一个更安全的环境，使她们能够合法选择出售陪伴和性服务。,我们应该将卖淫合法化
10963,贫困人群出售器官以换取现金将具有吸引力。,我们应该合法化器官交易
10964,对算法交易实施禁令将很困难，因此我们应该允许它并使其对每个人都可用。,我们应该禁止算法交易。
10965,这将变成一种商业活动，穷人可能会被剥削来出售他们的器官。,我们应该合法化器官交易
10966,这将为缺乏就业机会的地区带来更多工作机会。,我们应该抵制城市化。
10967,这将让已经不知所措的选民更加困惑。,我们应该采纳多党制。
10968,这将为人类驾驶员制造危险情况，他们要么对这项新技术感到恐惧，要么被好奇心分散注意力，从而制造出导致更多事故的局面。,我们应该停止自动驾驶汽车的发展。
10969,这将减少医疗过失和医疗错误。,我们应该禁止整形手术
10970,这将减少街头犯罪和暴力事件的数量。,我们应该废除持有和携带武器的权利
10971,仅仅和同意的人在一起，并尊重地进行讨论，对某人没有好处。,我们应该废除安全空间。
10972,这将消除不断尝试直到得到你想要的性别的需求。,我们应该合法化性别选择。
10973,这将鼓励年轻一代开始服用药物，会有更多的人酒后驾驶案例，这对他人构成危险，可能导致严重的伤害甚至死亡。,我们应该合法化大麻。
10974,这将更好地代表选民。,我们应该采取多党制。
10975,这将有助于生物学家发现新的治疗方法。,我们应该资助胚胎干细胞研究。
10976,这将有助于未来的一代，当地球毁灭时。,我们应该对太空探索进行资助。
10977,这将帮助许多需要这个过程的人。,我们应该资助胚胎干细胞研究。
10978,这将有助于支付抚养孩子的费用。,我们应该对居家爸爸进行补贴。
10979,禁止种族歧视将阻止有罪的人因为被救赎而逍遥法外。,我们应该终止种族歧视。
10980,这将导致绑架和人口贩卖的增加。,我们应该合法化器官交易
10981,这将使书面交流过于中性，缺乏个性。,我们应该采用中性语言
10982,这将使学校更安全。它鼓励所有学生遵守规则。,我们应该在学校实施零容忍政策。
10983,这将最大化自由和自主权。,我们应该采纳古典自由主义。
10984,这将防止错误地称呼一个人的性别。,我们应该采用性别中立的语言
10985,这将减少政府的债务。,我们应该采取紧缩政策。
10986,这将需要人们了解政治人物的立场。,我们应该引入强制投票制。
10987,这将限制公司与现有和新潜在客户联系，从而可能导致销售下降。,我们应该禁止电话营销。
10988,这将导致更多的选择性堕胎，并导致性别失衡。,我们应该合法化性别选择。
10989,这将为其他人树立一个不好的榜样，让人们以为他们可以逍遥法外，这肯定会导致犯罪率上升。,我们应该废除死刑。
10990,这将阻止人们从街头购买药物，也意味着将出台规定以确保药物的质量安全可靠，还将增加税收收入。,我们应该合法化大麻。
10991,这将夺走勤劳人民的收入，很可能增加贫困水平。,我们应该采取紧缩政策。
10992,这将使更多犯罪分子和有意犯罪者离开街头。,应该合法化设局。
10993,它们作为一个团体来相互支持。,我们应该反对集体主义。
10994,它将使所有最好的选择都能被听到。,我们应该采取多党制。
10995,这将使更多器官可供人类使用。,我们应该合法化器官交易
10996,它将帮助医疗物资送达有需要的人手中。,加沙地带的封锁应该结束。
10997,这将允许更多现金流用于科学研究。,我们应该资助胚胎干细胞研究。
10998,这将使更多的声音被听到，提供更多的选择。,我们应该采用多党制。
10999,这些应该不会被用来公平对待人们。,我们应该限制司法激进主义。
11000,如果世界上没有核武器，这将是一个更好的世界，也许和平终将触手可及。,我们应该为废除核武器而奋斗
11001,禁止妇女参与战斗活动将违反平等权利。,我们应该禁止妇女参与战斗。
11002,补贴新闻业可能会引发冲突。,我们应该对新闻业进行补贴
11003,这是个好主意，因为个性化案例会更好，毕竟我们并非人人都有相同的想法。,我们应该反对集体主义。
11004,这将是一个很好的方法，以防止政府过度扩张。,我们应该采纳古典自由主义。
11005,这将是一个巨大的倒退，基本上在告诉LGBT社群不再为自己的身份“感到自豪”。,我们应该取消骄傲游行。
11006,这将是向后退一步，因为这将显示政府不安全，并可能导致其他形式抗议活动的禁止。,我们应该禁止烧国旗。
11007,这样对每个人都会更好，从而避免性别问题。,我们应该采用性别中立的语言。
11008,对孩子来说，这会比托儿所更好。,我们应该对居家爸爸提供补贴。
11009,从消费者的角度来看，取消经济制裁会更好，许多消费品的价格不会上涨。,我们应该结束使用经济制裁。
11010,留在家照顾孩子的父亲要重新回到工作岗位可能会很困难。,我们应该为全职在家爸爸提供补贴
11011,确定是否起诉否认大屠杀的行为将会很困难，因为我们每个人都有权在某一问题上发表自己的观点。,否认大屠杀应该是一种刑事犯罪。
11012,让一个系统控制一切将很容易，这样人们就不自由选择他们的信息来源。,我们应该对新闻业进行补贴。
11013,将语言转变为性别中立语言将会很昂贵，这笔钱可以更好地用在其他地方，比如解决世界饥饿问题。,我们应该采用性别中性语言。
11014,父母能够选择婴儿的性别将对他们成为好父母有益，这样当他们有了想要的男孩时，他们就能更好地养育孩子。,我们应该合法化性别选择
11015,最好结束使用，因为这会让政府感到羞耻。,我们应该结束使用经济制裁。
11016,为学生提供安全的地方让他们感到安全和不受评判是很重要的。,我们应该废除安全空间
11017,随着越来越多的人自己种植，监管将变得更加困难。,我们应该合法化大麻。
11018,世界上的核武器是不可能废除的，因为一些国家会坚决拒绝这样做。,我们应该为废除核武器而奋斗。
11019,无法确保所有核武器都能被销毁或拆除。,我们应该为废除核武器而奋斗。
11020,如果电影中没有孩子，那将是很奇怪的。,我们应该禁止使用童星。
11021,这样很容易欺骗系统,我们应该对居家爸爸进行补贴
11022,这将会变得太过混乱，因为会有大量的想法需要考虑。,我们应该采用多党制。
11023,这对那些投入大量时间和金钱磨练自己技能的辩护律师是不公平的。,公共辩护律师的使用应该是强制性的。
11024,单单指责维基百科补贴是不公平的，因为还有其他类似的网站也需要资金。,我们应该资助维基百科
11025,不补贴维基百科是不公平的，因为有其他类似网站也需要补贴。不补贴可以确保文章不受政府影响。,我们应该对维基百科进行补贴。
11026,政府仅因认为烧旗行为冒犯和不可接受而禁止烧旗是不公正的。,我们应该禁止烧国旗。
11027,废除三振法律是错误的，因为过去的行为是未来行为的指标。如果同一个人犯了同样的罪行三次，那意味着他们不会停止。,我们应该废除三振法。
11028,这将为需要器官的人提供更容易的访问，并实现更好的监管和管理。,我们应该合法化器官交易。
11029,如果能满足中性语言的需求，对中性人群就会造成更少的冒犯。,我们应该采用性别中立的语言
11030,这将使警察能够抓住更多罪犯，确保街道安全。,应该将诱捕合法化。
11031,这将终结器官黑市。,我们应该合法化器官交易
11032,如果每个人都投票，就能确保选举公平。,我们应该引入强制投票制度。
11033,这将确保最合格的候选人获得职位。,我们应该结束平权行动。
11034,这将使得赛道的进行方式更加公平，从而确保每个人都得到同样的支持。,公共辩护律师的使用应该是强制的
11035,这将为其他人腾出更多的工作机会,我们应该取消强制退休。
11036,这会让人们离开沙发，到户外和家人一起做事。,我们应该放弃电视。
11037,这将真实反映市民希望谁当选。,我们应该推行强制投票制。
11038,这将给每个人都提供平等的代表机会。,使用公共辩护律师应当是强制性的
11039,这将为人们提供更多的自由和自由，让他们过上自己想要的生活，只要他们不危害其他人。,我们应该采纳自由主义。
11040,这将给人们更多的选择，并为每种文化提供候选人供人投票。,我们应该采取多党制。
11041,这将有助于让法庭案件对被起诉的人更公正。,我们应该限制司法激进主义。
11042,它有助于找到治疗癌症的方法，帮助数百万人。,我们应该资助胚胎干细胞研究。
11043,这有助于加快受伤后的康复。,我们应该禁止人类克隆。
11044,这将有助于健康突破性研究。,我们应该禁止人类克隆。
11045,这将有助于让人们更加关注新闻和周围的世界。,我们应该对新闻业进行补贴
11046,这将有助于人们花费更少的钱，对经济有益。,我们应该采取紧缩政策。
11047,这将有助于防止选举的重新计票，并使事情更加公平。,我们应该引入强制选举制。
11048,这将会对经济有所帮助，带来一种新型业务。,我们应该将卖淫合法化。
11049,这将有助于让有需要的人更快地获得器官。,我们应该合法化器官交易。
11050,它会将器官作为赎金拍卖。,我们应该合法化器官交易。
11051,采取紧缩政策对我们国家将造成不利影响。如果我们的政府大幅削减帮助人们购买食物和支付账单的项目，许多人将无法生存。,我们应该采取紧缩政策。
11052,这会对经济造成伤害，因为许多工作岗位将被淘汰。,我们应该放弃电视。
11053,这将增加犯罪活动，因为这将是一个非常有利可图的交易。,我们应该合法化器官交易。
11054,这将增加税收并有助于经济，因为它将受到监管。,我们应该合法化性工作者
11055,这将增加可用器官的数量，拯救更多生命。,我们应该合法化器官交易
11056,这将阻止孩子伤害他人，比如欺凌。,我们应该在学校实行零容忍政策。
11057,这将导致政府更好地反映公众的意愿。,我们应该引入强制投票制度。
11058,这将导致更多的犯罪和麻烦。,我们应该合法化大麻。
11059,这会导致更贫困的人被迫捐款。,我们应该合法化器官交易
11060,这将让通奸成为过去的事情，男人会更好地对待女性。,我们应该合法化一夫多妻制。
11061,这将使所有新闻公正且平等。,我们应该对新闻业进行补贴
11062,这将使每个人都变得平等，然后他们会很快乐。,我们应该采用性别中立的语言。
11063,如果核武器不存在，那将使每个人都更安全。,我们应该为废除核武器而奋斗。
11064,这会使打架带来更严重的后果，从而使孩子们更不可能参与暴力行为。,我们应该在学校实行零容忍政策。
11065,这将使人们更容易相处。,我们应该采纳无神论。
11066,这将使学习外语更容易。,我们应该采用性别中立的语言。
11067,这会使新闻报道带有偏见且内容不真实，并导致大量假新闻的出现。,我们应该对新闻业进行补贴。
11068,使用性别中性语言会让讈多人感到开心。,我们应该采用性别中立的语言
11069,这会让那些性别认同挑战的人感觉更好。,我们应该采用性别中立语言
11070,这将使消费者的价格降低。,我们应该禁止工厂养殖
11071,这将使卖淫对参与者更安全，减少性传播疾病、强奸和性侵害。此外，也可以对其征税。,我们应该合法化卖淫。
11072,这将确保每个有强烈观点的人都能被听到。,我们应该推行强制投票制。
11073,它将确保所有选举公平进行。,我们应该引入强制投票。
11074,这将确保有一个拥有各种背景的大群体进行投票。,我们应该引入强制投票。
11075,这将确保我们拥有人民真正想要的总统。,我们应该引入强制性投票制度。
11076,这意味着每个人都能得到公平审判。,公共辩护律师的使用应该是强制的。
11077,这意味着器官更容易获得，可以挽救许多生命。,我们应该将器官交易合法化。
11078,在没有儿童演员的情况下观看儿童节目是无聊的。,我们应该禁止使用儿童演员。
11079,如果禁止儿童演员，那么描绘现实社会将不太可能，因为儿童是许多剧集中重要的一部分。,我们应该禁止使用童星。
11080,禁止传教士工作是不正确的，因为没有传教士，贫困国家的人们将被剥夺援助。,我们应该禁止宣教工作。
11081,这会防止通奸，因为他已经有很多性伴侣，而且他们都彼此认识。,我们应该合法化一夫多妻制。
11082,因为女性人数比男性多，这将为女性提供一个丈夫。,我们应该合法化一夫多妻。
11083,它将为工人提供更好的保护。,我们应该合法化卖淫。
11084,它将为每个人提供自由，而不必担心未来的后果。,我们应该接受无神论。
11085,如果由政府集中管理，它将提供更多资金。,我们应该资助胚胎干细胞研究
11086,它将赋予人们自由做他们想做的事情，而无需政府干预。,我们应该采纳自由主义。
11087,这将使每个人都处于公平竞争的起点。,公共辩护律师的使用应当是强制性的
11088,这将需要在从核心国防政策到高度技术武器计划等众多国防事务上进行翻天覆地的改变。,我们应该为废除核武器而奋斗。
11089,这会让纳税人免去支付被判终身监禁的人余生的住宿和食物费用。,我们应该废除死刑。
11090,这将阻止公司未经客户同意出售客户数据，从而使人们不再被无关电话打扰。,我们应该禁止电话营销。
11091,这将阻止人们因持有毒品而被关押，同时还能产生收入。,我们应该合法化大麻
11092,让某人无罚地烧国旗，实在令人难以理解。,我们应该禁止烧旗行为。
11093,已经证实，一些关塔邢摩人被确定为恐怖分子，知道这一点后，应该继续让关塔邢摩继续运作。,我们应该关闭关塔那摩湾拘留营。
11094,已经证明大麻对于帮助患有晚期疾病的人有一定缓解作用。,我们应该合法化大麻
11095,这是一个邪教，没有任何积极的东西，应该被禁止和废除。,我们应该禁止科学教会。
11096,禁止未成年人进行整形手术是不可能的，因为一些孩子出生时就带有某些需要立即处理的异常。,我们应该禁止未成年人做整形手术
11097,禁止传教工作是荒谬的，因为帮助他人的人不应受到禁止，而应该被社会赞扬和认可。,我们应该禁止传教工作。
11098,干涉上帝选择婴儿性别的行为是错误的，胎儿是神圣的生物，不应该被干扰。,我们应该合法化性别选择。
11099,这是一个更便宜的选择，让无法负担医疗费用的人们仍然能感到好一些。,我们应该禁止自然疗法。
11100,这是一种危险的做法，人们依赖互联网使用家庭疗法，这可能会伤害他们。,顺势疗法带来的危害大于其益处。
11101,这涉及到减少赤字并实行紧缩政策，从短期来看对经济的整体影响是积极的。,我们应该采取紧缩政策。
11102,如果孩子在家受虐待，最好让他们暂时寄养在别处，而不是和父母在一起。,寄养制度带来的伤害多过好处。
11103,将囚犯终身监禁在监狱是昂贵的，因此执行他们会节省政府大量资金。,我们应该废除死刑。
11104,当一个在家照顾孩子的父母很辛苦，我们应该支持他们。,我们应该对全职在家父亲进行补贴。
11105,这是不必要的，而且可能会带来危险。,我们应该禁止整容手术
11106,在电视节目和电影中有孩子是必要的，因此禁止他们演戏是没有道理的。,我们应该禁止使用童星。
11107,这是违宪的，因为正义不应该建立在某人单方面的观点之上。,我们应该限制司法激进主义。
11108,使用尚未出生的儿童进行研究是不道德的。,我们应该资助胚胎干细胞研究。
11109,在战场之外突袭敌人，这样杀死他们是不公平的。,我们应该禁止有针对性的暗杀。
11110,知识产权可能阻止其他人改进原创者的想法，从而阻碍潜在的发展。,我们应该废除知识产权。
11111,每个人都有发言权通过投票是非常重要的。如果每个人都必须投票，我们将得到一个公正的观点，了解每个人对谁应该当选的看法，而不仅仅是那些愿意前去投票的人。,我们应该引入强制投票制度。
11112,让人民更多地参与并掌握政府的运作是一种更好的方式。,我们应该采纳自由主义。
11113,这是一个不断变化的世界，有许多不同定义和性别变体，我们必须适应并接受这个事实。,我们应该采用性别中立的语言
11114,一些社会群体比其他群体更负有犯罪行为的责任，因此种族歧视是执法中使用的一种有用的简便工具。,我们应该结束种族歧视。
11115,这是一项宪法权利，我们不能随意剥夺人们的权利。,我们应当废除持有和携带武器的权利
11116,对于没有时间和金钱的人来说，这是一种方便快捷的食物选择。虽然它不能与家常菜相比，但它既有营养又便宜，让任何人从富人到穷人都能得到食物。,我们应该禁止快餐
11117,这是一个艰巨的挑战，但我们有选择吗？如果我们不至少限制核武器，它们将毁灭文明。,我们应该为废除核武器而努力
11118,这是一个事实，发生了的人应该被关起来。,否认大屠杀应该是一种犯罪行为。
11119,这是一种在美国我们不禁止的自由言论形式。,我们应该禁止烧毁国旗。
11120,这是一个自由的国家，人们应该能够在任何地方祈祷。,我们应该禁止学校祈祷。
11121,这只是一个噱头，并没有被证明比传统医学更有效。,我们应该禁止自然疗法。
11122,这是一个好主意，因为一个十几岁的青少年在那个年龄还没有足够的判断力来决定关于自己身体的事情。,我们应该禁止未成年人进行整形手术。
11123,这是一个很好的犯罪威慑，人们知道犯罪会被终身监禁，就不会感到安全。,我们应该废除三罢法。
11124,这是一个很好的犯罪威慑力量，它可以吓阻人们。,我们应该废除三罢法。
11125,这是一个很好的威慑。即使第三次犯罪是轻罪，他们也会受到惩罚。,我们应该废除三振法则。
11126,这是一个非常好的地方，可以将恐怖嫌疑人与普通民众分开，让我们都更安全，同时对他们进行调查。,我们应该关闭关塔那摩湾拘留营
11127,改变外貌是个人选择，任何希望改变外貌的人都应该享有这样的自由选择权。,我们应该禁止整容手术
11128,这是一个个人决定，不应受到规定限制。,我们应该合法化性别选择。
11129,一个人选择信仰谁是他们的权利，只要不损害他人，我们应该尊重他们的选择。,我们应该禁止科学研究教会
11130,一个人有权利通过整容手术来让自己看起来更符合他们的期望。,我们应该禁止整容手术
11131,这是一个很危险的趋势。从道德角度来看会传达错误的信息。接下来可能被视为一种职业选择。,我们应该将卖淫合法化。
11132,这是一个国家对另一个国家采取行动的方式，如果我们不同意他们的生活方式，或者存在人权侵犯等问题。,我们应该停止使用经济制裁。
11133,这是人们赚钱的一种方式。这是他们的身体。,我们应该合法化卖淫。
11134,女性有权行使身体自主权，并利用自己的身体为那些无法自己生育孩子的家庭捐赠一个孩子。,代孕应该被禁止。
11135,这是一个过时的概念，人类并非被编程为一生和同一个人在一起。,我们应该放弃婚姻。
11136,这是一种过时的做法，对男女平等造成了负面影响。,我们应该合法化一夫多妻。
11137,这是一个过时的仪式，压抑了女性的性欲。,应该放弃禁欲誓言。
11138,这是一种动物虐待，可能会带来快速蔓延的疾病风险。,我们应该禁止工厂养殖
11139,当人们不感兴趣时，有人敲门真的很烦人。,我们应该禁止传教工作。
11140,被推销电话不断骚扰真的很烦人，禁止他们会让人们省下挨个屏蔽号码的时间。,我们应该禁止电话营销。
11141,人们因年轻时犯的轻微罪行而被关押一生是荒谬的。,我们应该废除三罢法。
11142,如果学生贷款没有补贴，穷困家庭的学生将更不愿接受高等教育，这本来就已经够糟糕了。,我们应该对学生贷款进行补贴
11143,这基本上是社会主义，而且它在任何地方都不适合。个体的权利需要得到承认。,我们应该反对集体主义。
11144,已经多次证明快餐会引起一系列饮食问题，导致健康并发症和早逝。,我们应该禁止快餐。
11145,已经多次证明，快餐会导致肥胖以及大量其他与饮食相关的健康问题。,我们应该禁止快餐。
11146,选择这些治疗方式已被证明对那些选择它们的人有很大好处。改善健康不全是关于必须向身体注入药物。,我们应该禁止自然疗法。
11147,对于孩子来说，被安置在寄养家庭中要比在虐待父母家庭里更好。,寄养护理带来的伤害大于好处。
11148,最好有一个由多种理念组成的政府。,我们应该采用多党制。
11149,对于那些无法承担所有昂贵药物费用的人来说，这是更便宜的。,顺势疗法带来的伤害大于益处
11150,显而易见，将动物像这样囚禁起来是残忍且不健康的。这些是野生动物，不是宠物供人盯着看的。,我们应该废除动物园
11151,完全无视犹太人的苦难是非常不尊重的,否认大屠杀应该是一种犯罪行为
11152,它在法律边界之外的持续存在，嘲弄了美国价值观，并削弱了我们在世界的地位。,我们应该关闭关塔那摩湾拘留营。
11153,在当前系统下，大多数人没有偿还贷款，这给英国带来更多的花费。,我们应该对学生贷款提供补贴
11154,动物被关在笼子里是残忍的。,我们应该废除动物园
11155,把野生动物囚禁在笼子里供我们娱乐是残忍的，它们应该生活在它们的自然环境中。,我们应该废除动物园。
11156,这让普通民众购买所需商品变得困难。,加沙地带的封锁应该结束。
11157,没有足够的薪酬很难吸引顶尖人才。,我们应该限制高管薪酬
11158,这很恶心，不会有任何好的结果。,我们应该合法化卖淫。
11159,这是令人作呕的，绝对不应该合法化。,我们应该合法化卖淫行为。
11160,将一个孩子安置到寄养家庭中很容易，但他们是否总是得到适当的照顾呢？有人会认为并非总是如此，有些人只是图钱，将孩子的福祉置于危险之中。,寄养护理带来的危害大于好处。
11161,这是为那些想要表达立场的人提供的言论自由。,我们应该禁止烧国旗。
11162,这是言论自由，不应该被视为非法。,否认大屠杀应该被视为一种犯罪行为。
11163,反正这种情况迟早会发生，还是应该被征税。,我们应该将卖淫合法化。
11164,将所有人留在城市环境中是件好事，因为这样可以减少旅行次数，有利于环境保护。,我们应该抵制城市化。
11165,学校应当采取零容忍政策，以恢复高水平的纪律，从而提高教育水平。,我们应该在学校执行零容忍政策。
11166,这是不道德和危险的，会传播疾病。,我们应该将卖淫合法化。
11167,让每个国家都禁止拥有核武器是不可能的。拥有核武器将让敌对国家因为你拥有这些武器而害怕攻击你。,我们应该为废除核武器而奋斗。
11168,切除乳房是一种极端创伤。整形外科让乳腺癌幸存者重新获得自信，避免毁容。女性不应因不是她们的错而受到惩罚。,我们应该禁止整形手术。
11169,对罪犯进行处决是不人道的。,我们应该废除死刑。
11170,这只是刺杀的另一个说法。,我们应该禁止有针对性的暗杀。
11171,这只是一张纸，在这个时代它意义不大。,我们应该放弃婚姻。
11172,这仅仅是言论自由，你不能因为不相信某种事情就逮捕某人。,否认大屠杀应该是一种犯罪行为。
11173,这意味着政府在达到同样结果时需要支出更少我们的税款。,我们应该禁止私人军事公司。
11174,这是奢侈支出，也许把这笔钱投资到医疗或教育会更好。,我们应该对太空探索进行补贴。
11175,认为卖淫是可以的是道德错误的，这种情况不应该发生。,我们应该将卖淫合法化
11176,这是我的身体，我有权选择我想要吃的食物。,我们应该禁止快餐。
11177,这不是一个好的政策，可能会伤害到穷人。,我们应该采取紧缩政策。
11178,这不是一个需要补贴的领域。进行这项工作的制药公司非常盈利和富有。,我们应该对胚胎干细胞研究提供资助。
11179,如果警察诱使你犯下你本不想犯的罪行，这是不公平的。,应该将诱骗行为合法化。
11180,人们像OJ辛普森等人可以利用金钱逃避监狱，这是不公平的。每个人都应被强制使用同一个辩护律师，不能靠金钱买到最好的律师。,公共捍卫者的使用应该是强制性的。
11181,诱使诚实公民犯罪是不公平的。,应该合法化诱捕
11182,补贴一种教育而不补贴另一种教育是不公平的。我们需要机械师、理发师、托儿所保育员等，所有这些职业都可以在职业教育(Vo-Ed)的环境中学习。,我们应该对职业教育提供补贴
11183,这并不十分可靠。该系统已经以令人震惊的频率错误地惩罚无辜的人。让一个无辜的人被判处死刑的风险太大。,我们应该废除死刑。
11184,这不好，因为它可能会对政府和媒体对待某些问题的观点产生偏见。,我们应该对新闻业进行补贴。
11185,在家教育并不能保证提供良好教育。,家庭教育应该被禁止。
11186,尚未证明它实际有效，并可能导致有问题的人变得更糟。,顺势疗法带来的危害大于好处
11187,克隆人是不正确的，因为人们可能会利用克隆体犯罪。,我们应该禁止人类克隆。
11188,这完全不安全，而且伴随着许多风险。另外，它缺乏政府批准。,顺势疗法带来的危害大于好处
11189,国家没有义务资助希望留在家里的父亲，税款更值得花在其他地方。,我们应该给留在家照顾孩子的父亲提供补贴。
11190,在紧缩期间受苦的不是富人，而是穷人。,我们应该采取紧缩政策。
11191,这是不雅的，应该被禁止。没有任何好处会从中得到。,我们应该合法化卖淫。
11192,这只是一面旗帜，当被那些觉得无法以其他方式发出自己的声音的人焚烧时，这只是一种简单的抗议。,我们应该禁止焚烧国旗。
11193,这只是否认，谎言不应受到惩罚。,否认大屠杀应该是一种刑事犯罪。
11194,这是过时的，阻止了无辜公民获得他们所需的物资。,加沙地带的封锁应该结束。
11195,它已经过时，作用不大。,我们应该关闭关塔那摩湾拘留营。
11196,允许人们相信并追随自然疗法，仅凭饮食、按摩和运动来“治愈”疾病实际上是在实施实际上是在实施自杀辅助。,我们应该禁止自然疗法。
11197,这是进步的，否则就会压抑人们真正的自我。,我们应该采用性别中立的语言
11198,这种行为是鲁莽的，有时会导致死亡，都是为了虚荣而做。,我们应该禁止整形手术。
11199,计算机驾驶比人类更安全，因为它可以被编程来看到一切并做出相应反应，避免人为错误。,我们应该停止发展自动驾驶汽车。
11200,科学和技术的发展应该得到政府的支持。,我们应该对胚胎干细胞研究进行资助。
11201,这是科学，应该得到政府的支持。,我们应该资助胚胎干细胞研究。
11202,这很荒谬，毫无意义，如果无法说出某人的性别，你该如何描述某人,我们应该采用性别中立的语言。
11203,这只是健康的生活方式，毫无伤害。,我们应该禁止自然疗法
11204,翻译结果：这很直接，这样犯罪分子知道无论犯什么类型的罪行，第三者都会让他们陷入困境，因此他们有权决定是否要犯罪。,我们应该废除三振法。
11205,它关于敌人和战争的教导令人恐惧，应该被禁止。,我们应该禁止科学教会。
11206,这是对犯下恶行最好的威慑。,我们应该废除死刑。
11207,这是展示你不同意的最好方式，而不会卷入战争。,我们应该停止使用经济制裁。
11208,这是大多数人能负担得起大学的唯一方式。,我们应该对学生贷款进行补贴。
11209,这是大多数人了解动物的方式。,我们应该废除动物园。
11210,这是发送一个严厉信息的唯一方式。,我们应该结束使用经济制裁。
11211,这是父母的决定，孩子是不是表现。,我们应该禁止使用童星。
11212,未成年人应该能够做他们想做的事情，尤其是如果这影响到他们的自我形象。,我们应该禁止未成年人进行整容手术。
11213,这是他们的身体，他们可以随心所欲，如果父母支持，又有何不可呢。,我们应该禁止未成年人进行整形手术。
11214,他们选择要孩子是他们的权利，应该是他们的责任来照顾他们，不能期望国家来资助他们。,我们应该给留在家照顾孩子的父亲提供补贴。
11215,这是他们的选择去学习，他们应该自掏腰包为自己的教育费用。,我们应该对学生贷款进行补贴。
11216,它存在是有原因的，应该保留在那里。,加沙地带的封锁应该结束。
11217,年轻一代应该醒来面对现实世界。,我们应该废除安全空间。
11218,是时候让这些国家和睦相处，停止战斗了！生活在这个地区的人们正陷入绝望之中。,加沙地带的封锁应该结束。
11219,这对于一件不会有确定积极结果的事情来说太贵了。,我们应该资助胚胎干细胞研究。
11220,这太空想了。社会需要一定数量的政府保护和指导。古典自由主义提供的政府参与太少，使得社会中的弱势群体处于危险之中。,我们应该采纳古典自由主义。
11221,这是传统，它给了运动员一些工作和奋斗的目标。,我们应该废除奥运会
11222,众人的力量确实是强大的。,我们应该反对集体主义。
11223,这是不符合基督教徒做法的，会导致易受伤害的人被迫/被剥削而提早死亡。,协助自杀应该是一种犯罪行为。
11224,这对动物是不道德的，而且简直残忍。,我们应该禁止工厂养殖
11225,工人靠近或低于生活工资是不公平的，而高管们却将口袋里塞满了过多的财富。,我们应该限制高管薪酬。
11226,如果我们有零容忍政策的话，对孩子们如此严厉是不公平的。研究表明，这种政策并没有任何证据表明可以减少孩子们的暴力行为或药物使用。,我们应该在学校实行零容忍政策。
11227,强迫人们放弃工作是不公平的,我们应该取消强制退休。
11228,任何组织的客户与肯定行动的受益者打交道，对客户是不公平的。,我们应该终止平权行动。
11229,这是不自然的。你不应该有权利或能力仅基于性别选择或终止妊娠。如果人们决定偏爱其中一种性别，这可能导致完全失衡的数字。,我们应该合法化性别选择。
11230,母亲照顾孩子的工作更胜一筹，因此这是不必要的。,我们应该对居家爸爸提供补贴
11231,以试图向人们传教为目的进入另一个国家是不合理的。,我们应该禁止传教工作。
11232,这取决于孩子和父母是否愿意进入表演领域。,我们应该禁止使用童星。
11233,这非常不健康，会导致肥胖，从而增加医疗保健费用。,我们应该禁止快餐。
11234,过去对其他国家起过作用。,我们应该实行紧缩政策。
11235,这是你的身体，如果你想靠它谋生，那应该是你的权利。如果一个国家真正自由，你应该能够自由地做自己想做的事情，而不会有后果。,我们应该合法化卖淫。
11236,由你自己决定吃什么。,我们应该禁止快餐。
11237,嫉妒感可能在任何家庭中自然发生，在有多个妻子的家庭中可能会更加突出。,我们应该合法化一夫多妻或一妻多夫制。
11238,协调或反应能力要求高的工作，比如外科医生，如果由年长的工作者来进行，对客户来说风险更大。,我们应该废除强制退休制度
11239,新闻对公众来说至关重要。,我们应该对新闻业进行补贴
11240,新闻业需要补贴以确保新闻质量和不同意见的传播，因为另类媒体正在主导舆论。,我们应该对新闻业提供补贴。
11241,新闻行业为许多人提供了必要的信息。,我们应该给新闻业提供补贴。
11242,新闻学扮演着对公共机构的监督作用，应该得到补助，因为私人资金已经不足以维持他们的使命。,我们应该资助新闻业。
11243,新闻工作使社会能够了解重要话题。,我们应该对新闻业进行补贴。
11244,新闻工作和信息自由表达以及思想交流是一项基本的人权，对此进行资助将提高其质量和影响力。,我们应该对新闻业进行补贴
11245,新闻业和新闻自由对于社会的透明度至关重要，保持人们的信息获取是很重要的。,我们应该资助新闻行业。
11246,新闻报道如果受到资助将会很危险，因为这样可能导致其中一方推动自己的议程，而不是寻求真相进行报道。,我们应该为新闻业提供补贴。
11247,新闻业可以通过无数成功的媒体机构所展示的例证，赚取足够的收入来维持自身。,我们应该对新闻业进行补贴。
11248,新闻业可以传播谎言，这种行为不值得得到资助。,我们应该补贴新闻业。
11249,新闻报道在得到资助的情况下无法做到公正无偏。,我们应该补贴新闻业。
11250,新闻业不需要被资助，因为有很多人想成为记者。,我们应该资助新闻业
11251,新闻业不需要接受补贴，因为他们可以通过销售新闻来赚取足够的利润。,我们应该对新闻业进行补贴
11252,新闻业为我们提供了我们本来没有的有用信息。,我们应该对新闻业进行补贴。
11253,"新闻业不过是""假新闻""。",我们应该对新闻业进行补贴。
11254,新闻行业是一个重要的职业。,我们应该对新闻业进行补贴。
11255,新闻报道有助于向世界上的每个人传达当前的新闻，让他们了解否则可能不会听到的信息。,我们应该对新闻报道进行补贴。
11256,新闻传达世界各地的事件给大家。,我们应该对新闻业进行补贴。
11257,新闻工作是危险的，而且报酬不高。,我们应该对新闻业进行资助。
11258,新闻业是一个日益衰落且日益腐败的职业，那么为什么要用纳税人的钱支持它呢？,我们应该资助新闻业。
11259,新闻事业是社会的一个非常重要的组成部分。,我们应该对新闻业进行补贴。
11260,新闻工作是一种职业，记者们和其他人一样，要对自己的选择和成功负责。,我们应该为新闻业提供补贴。
11261,新闻业是一个私营企业，因此不需要补贴，这样只会浪费公共资金。,我们应该补贴新闻业。
11262,新闻工作是一种职业，不需要补助，因为学生可以自己付费学习，然后通过获得有偿工作来得到报酬。,我们应该资助新闻业。
11263,新闻是一种公共产品，它具有远远超出买方和卖方之间的广泛社会利益，新闻需要资源才能生产。,我们应该资助新闻界
11264,新闻是保持权力（政治等）受控制的非常有效的工具。,我们应该为新闻业提供补贴。
11265,新闻业是真实信息和新闻的重要来源，以确保人们对世界有正确的了解，因此对其进行补贴将有助于确保其持续发展而不带有偏见。,我们应该对新闻业进行补贴。
11266,新闻是言论自由的重要形式，对新闻机构进行补贴能增加透明度，减少偏见。,我们应该资助新闻业
11267,新闻业是民主和言论自由的重要组成部分，不应该由国家资助。,我们应该给新闻业提供补贴。
11268,新闻是我们政治体制中的重要组成部分；它让公民保持了解，并揭露政府的腐败。,我们应该对新闻业进行补贴。
11269,新闻是一种重要工具，用来监督政府、商业等，确保它们为社会做出最好的决策。,我们应该对新闻业进行补贴。
11270,新闻业是一项重要的行业，它让人们了解所有重大问题。,我们应该补贴新闻业
11271,新闻传媒是一种过时的信息传播方式。,我们应该对新闻业进行补贴。
11272,新闻业对于建立一个知情的公众至关重要。补贴将使其能够提供更多信息。,我们应该为新闻业提供补贴。
11273,新闻业已死，因为许多新媒体严重倾向于报道耸人听闻的新闻，而不是准确的新闻。,我们应该对新闻媒体进行补贴。
11274,新闻业对于一个得到充分了解的民主制度至关重要，因此更好的新闻报道意味着更有效的民主制度。,我们应该对新闻业进行补贴。
11275,新闻业对于一个正常运转的民主社会至关重要。,我们应该为新闻业提供补贴。
11276,新闻报道是至关重要的，需要得到支持。,我们应该给新闻业提供补贴
11277,新闻业对社会来说非常重要，值得得到补贴，因为它提供了人们无法自行获得的信息。,我们应该对新闻业进行补贴
11278,新闻在这个国家至关重要。,我们应该对新闻业进行补贴。
11279,新闻是重要的，可以确保人们了解重要问题。,我们应该对新闻业提供补贴。
11280,新闻是我们社会中很重要的一部分。,我们应该对新闻业进行补贴
11281,新闻工作对于向人民传播准确和无偏见的信息至关重要。对其进行资助能够使记者保持中立，不受企业赞助商的偏见约束。,我们应该对新闻业进行补贴。
11282,新闻对公共福祉至关重要，帮助我们及时了解信息。,我们应该对新闻业进行补贴。
11283,新闻报道对于客观报道政府行为非常重要。,我们应该对新闻业进行补贴。
11284,新闻业在虚假新闻和社交媒体盛行的时代比以往任何时候都更加重要。,我们应该对新闻业提供补贴
11285,新闻业对于一个自由、民主的社会是必不可少的，因此我们必须通过补贴新闻来支持它。,我们应该资助新闻业。
11286,新闻是社会必不可少的，它不仅能报道新闻，还能让人们了解他们可能不知道的重要问题。,我们应该对新闻业进行补贴。
11287,新闻业并不只是关于沟通，而更多地是关于少数几个人的观点。,我们应该对新闻业进行补贴。
11288,新闻报道是监督当权者的一种方式；没有无偏见的媒体，权力就可能肆意妄为。,我们应该给新闻业提供补贴。
11289,新闻报道是片面的，过于政治化，难以相信。,我们应该对新闻业进行补贴
11290,新闻业应该是自给自足的，政府对其进行资助会让政府对内容有控制权。,我们应该给新闻业提供补贴。
11291,老一辈人仍然重视新闻报道，他们不太会上网浏览新闻网站。,我们应该对新闻业进行补贴。
11292,新闻是自由社会的支柱,我们应该对新闻业进行补贴。
11293,新闻是一个国家发展的核心，通过向人口传播必要和重要信息。这是一项高尚的职责，应当受到认可并获得更多资金。,我们应该资助新闻行业。
11294,新闻是创造政府和其他机构问责制的唯一途径，因为调查记者是探查掩盖和腐败的主要人员，这意味着应该获得资助。,我们应该给新闻业提供补贴。
11295,新闻是至关重要的，让我们了解世界发生了什么。它提供了公共服务。,我们应该资助新闻业
11296,新闻工作让人们了解政府正在发生的事情。,我们应该对新闻业进行补贴。
11297,新闻业必须由民主政府提供资助，以打击企业散播的虚假新闻，这些企业并非真正为人民利益着想。,我们应该对新闻业进行补贴。
11298,新闻业必须得到中央政府的支持。,我们应该补贴新闻业
11299,新闻事业必须触及所有公民，中央政府必须确保信息传达到国家的每一个角落。,我们应该资助新闻行业
11300,新闻界迫切需要多样性，因为仅有六家公司控制着所有媒体百分之九十的份额。,我们应该对新闻业进行补贴。
11301,新闻业需要资金支持才能继续向公众传递重要信息。,我们应该资助新闻业。
11302,新闻业并不需要帮助，获取信息的方式多种多样，补贴只会导致信息极化。,我们应该对新闻业进行补贴
11303,新闻业需要补贴，因为它是自由社会的重要组成部分，我们应该确保它能够生存下去。,我们应该资助新闻行业。
11304,新闻业应该得到补贴，因为很少人再购买报纸。,我们应该为新闻业提供补贴。
11305,新闻事业在监督民主和使公民保持知情方面发挥着至关重要的作用。这样一个宝贵的产业应该得到政府的资助。,我们应该补贴新闻业。
11306,新闻业对政府起到了必要的监督作用。,我们应该对新闻业提供补贴。
11307,新闻工作者提供信息和新闻，让我们了解我们周围以外发生的事情。,我们应该给新闻业提供补贴。
11308,新闻报道为人民提供必要的信息。,我们应该为新闻业提供补贴
11309,新闻教人们获得准确和及时的信息，这对于积极的幸福感至关重要。,我们应该资助新闻事业
11310,新闻业在监督机构腐败方面发挥着至关重要的作用，无论是企业、政府还是其他机构。,我们应该为新闻业提供补贴
11311,新闻业应该能够自给自足，不应强制纳税人为其维持提供资金。,我们应该为新闻业提供补贴。
11312,新闻业应完全摆脱政府干预。,我们应该补贴新闻业。
11313,新闻报道应当摆脱偏见，无论如何都要呈现事实。如果新闻由资助者资助，就会自动倾向于资助者，从而导致报道不准确，观众产生怀疑。,我们应该对新闻业进行补贴。
11314,新闻事业应该由政府资助，因为它促进了学习和全球交流。,我们应该给新闻业提供补贴。
11315,新闻业应该受到与其他一切相同的市场力量的约束。,我们应该对新闻业进行补贴。
11316,新闻业应该得到补贴，以便能够有更多的出版物流通，从而提供更多观点的选择。,我们应该对新闻业进行补贴。
11317,新闻业应该得到资助，以推动客观新闻和严谨工作。,我们应该资助新闻业。
11318,新闻业应该得到补贴，因为它有助于向公众提供信息，遏制腐败。,我们应该对新闻业进行补贴
11319,新闻业应获得补贴，因为媒体是我们民主的重要组成部分，它让人们能更多地了解世界上的所有问题。,我们应该对新闻业进行补贴。
11320,新闻业应该得到补贴，因为民主只有在选民得到充分信息的情况下才能运作。,我们应该资助新闻事业
11321,新闻业应当得到补贴，以确保人们的声音被听到和代表。,我们应该对新闻业进行补贴。
11322,新闻业应该得到补贴，以确保所报道的新闻客观且充满事实，而不是社交媒体上任何人都可以发布的主观观点。,我们应该对新闻业进行补贴。
11323,新闻事业应该得到资助，以确保每个记者都有必要的条件去调查新闻报道。,我们应该对新闻业进行补贴。
11324,新闻应该是最真实的信息来源。,我们应该给新闻业提供补贴。
11325,新闻应该不受政府的影响。,我们应该对新闻业进行补贴。
11326,新闻不应受到资助，否则会引发媒体是否真正独立的质疑，也会产生利益冲突。,我们应该资助新闻业。
11327,新闻业不应该得到补贴，因为他们通过广告赚取了大量利润，这笔钱可以用在更需要的事业上。,我们应该对新闻业进行补贴。
11328,新闻业不应该受到补贴，因为补贴很容易根据政治信仰分配。,我们应该对新闻业进行补贴。
11329,新闻业应该保持作为自由企业体系的一部分，并得到使用者的支持，而不是政府的补贴。它们应该仅用于基本福利项目。,我们应该资助新闻行业。
11330,由威权政权资助的新闻媒体变成了一个宣传机器，用来控制人民，告诉他们该如何思考，并散布谎言以掩盖极权政权的滥用行为。,我们应该资助新闻业
11331,新闻工作提供给我们丰富的信息。,我们应该给新闻业提供补贴
11332,受益于补贴的新闻业将不那么依赖广告收入，可以提供更高水平的产出。,我们应该对新闻业进行补贴。
11333,政府资助的新闻报道将导致媒体对政府负面报道进行审查。,我们应该对新闻业进行补贴
11334,当今新闻业只是商业，对政府或其他主要机构的支持都是错误的，不应被考虑。,我们应该给新闻业提供补贴。
11335,如果得到政府补贴，新闻业就会受到政府控制。,我们应该给新闻业提供补贴。
11336,新闻业有补贴会更准确。,我们应该给新闻业提供补贴。
11337,如果新闻业接受政府补贴，它就无法保持独立性。,我们应该资助新闻界
11338,新闻业虽然对一个自由开放的社会至关重要，但它是一种私营企业，因此不应该由公共资金资助。,我们应该对新闻业进行补贴。
11339,记者应该自己选择自己的道路，不应该被帮助走向它,我们应该给新闻业提供补贴。
11340,新闻标准已经下降到了一个无法再发挥作用的地步。,我们应该对新闻业进行补贴
11341,记者和媒体公司已经赚取了大量资金。,我们应该对新闻业进行补贴。
11342,记者更感兴趣于成名，而不是真正给我们提供新闻。,我们应该资助新闻业。
11343,记者通常没有受到严格监管，因此任何人都可以随意发表观点，而不一定提供真实信息。,我们应该对新闻业进行补助。
11344,记者薪水丰厚，无需接受补贴。,我们应该对新闻业进行补贴。
11345,记者从错误的人那里得到补贴可能会导致偏见；例如，公司可以付钱让某个机构对他们做出正面报道。,我们应该对新闻报道进行补贴。
11346,记者的收入已经足够了，他们不需要再多的钱。,我们应该补贴新闻业。
11347,记者的薪水已经足够高了，我们不需要再给他们更多的钱。,我们应该给新闻业提供补贴。
11348,记者通过向报纸出售稿件赚取大量资金，而人们购买报纸是让他们赚钱的途径，因此无需对其进行补贴。,我们应该资助新闻业
11349,记者需要资金支持，这样他们才能进行旅行，获取新闻故事的真相，而不是传播谣言。,我们应该对新闻业进行补贴。
11350,记者在报道战区、枪击事件或自然灾害时，冒着生命危险。,我们应该对新闻业进行补贴。
11351,接受补贴的记者可能存在偏见，不值得信赖。,我们应该资助新闻界
11352,记者冒着生命危险报道基于战争、枪击、谋杀、事故和自然灾害的新闻故事。,我们应该对新闻业提供补贴。
11353,现如今的记者总是在推动自己的议程，因此他们并不需要额外的补贴。,我们应该补贴新闻业
11354,法官是由于其道德伦理而当选，因此没有必要限制司法活动。,我们应该限制司法激进主义。
11355,法官将运用他们的信念来解释法律，我们不应该限制他们一旦当选就了解他们的观点。我们应该在选举他们之前了解他们的观点。,我们应该限制司法激进主义。
11356,法官是人类，可以在作出裁决时解释法律。,我们应该限制司法激进主义。
11357,法官们有能力在世界上产生积极的改变，并应受到鼓励利用行动主义来实现这一点。,我们应该限制司法激进主义。
11358,法官应保持中立和公正，而激进主义则恰恰相反。,我们应该限制司法激进主义。
11359,法官的任务是执行法律，而不是表达个人观点。,我们应该限制司法激进主义。
11360,法官应当根据国家法律做出裁决，而不是基于个人信仰。当法官将个人偏见带入案件时，可能会改变法律并不支持个人的权利。,我们应该限制司法激进主义。
11361,法官具备独特的资质，可以做出他们认为最佳的决策。,我们应该限制司法激进主义。
11362,法官被选举出来要保持公正，并根据现行法律做出裁决。他们不应该能够修改法律。这是国会的职责。,我们应该限制司法激进主义。
11363,法官根据定义应该是中立的。有激进法官违背了这一宗旨。,我们应该限制司法激进主义
11364,法官有时可能会越权。,我们应该限制司法激进主义。
11365,法官有自行决定的权力，可以根据自己认为正确的方式来裁决。,我们应该限制司法激进主义。
11366,法官无视法律而自行裁决可能会损害整个司法程序。,我们应该限制司法激进主义。
11367,法官了解法律-如果他们认为需要覆盖，他们可能是对的,我们应该限制司法激进主义。
11368,法官制定法律违反了他们的宪法职责。,我们应该限制司法激进行为。
11369,法官必须被允许根据特定情况自行解释法律。,我们应该限制司法激进主义。
11370,法官应该能够根据对问题的全部环境加上常识和权威立场来确定罪行或裁决。,我们应该限制司法激进主义。
11371,法官应该能够根据自己的判断力给出他们认为最合适的判决。,我们应该限制司法激进主义。
11372,法官应被允许解释法律。,我们应该限制司法激进主义。
11373,法官应当是法律的公正裁判者，不应主张他们的政治观点。,我们应该限制司法激进主义。
11374,法官应当被限制在维护法律，而不是创制法律。那是政治家的工作。,我们应该限制司法激进主义。
11375,法官在裁决案件时应该保持中立和以事实为驱动，而不是基于个人信仰来作出裁决。,我们应该限制司法激进主义。
11376,法官应该按照他们对法律的看法做出他们认为正确的事情，不应受限制,我们应该限制司法激进主义。
11377,法官应遵循法律，而不是他们的观点。,我们应该限制司法激进主义。
11378,法官应该遵循法律的文字，而不是个人偏见。,我们应该限制司法激进主义。
11379,法官在做裁决时应该遵循法律的字面意思，而不是根据个人感觉凭空捏造。,我们应该限制司法激进主义。
11380,法官应该有权在听取双方论点后自行作出裁决。,我们应该限制司法激进主义。
11381,法官应通过他们的裁决来帮助国家向前发展。,我们应该限制司法激活。
11382,法官应该根据案情审判，而不是根据自己的个人信仰。,我们应该限制司法激进主义。
11383,法官在做司法决定时不应让个人偏见介入，他们应坚持对宪法的严格解释。,我们应该限制司法激进主义。
11384,法官不应仅基于个人对案件的看法来推翻另一法院的裁决。,我们应该限制司法激进主义。
11385,法官应依靠法律而不是个人感情。,我们应该限制司法激进主义。
11386,法官应该裁定法律，而不是制定法律。,我们应该限制司法激进主义。
11387,法官应该专注于审理案件，把他们的激进主张留在私人生活中。,我们应该限制司法激进主义。
11388,法官应该遵守法律，在每一项裁决中都保持公正。,我们应该限制司法激进主义。
11389,由人民选举产生的法官拥有足够的公信力来做出公正和公正的决定。,我们应该限制司法激进主义。
11390,参与活动主义的法官失去了其职业的本质,我们应该限制司法激进主义。
11391,根据自己的个人和政治信仰而裁决的法官篡夺了我们选举官员的权力，并且侵犯了我们的宪法权利。,我们应该限制司法激进主义。
