30001,共同努力，偏爱弱势群体，并给予选择自由，只会使整个社会受益。,我们应该采纳自由主义。
30002,合作总比独自工作更好。,我们应该反对集体主义。
30003,与传教士一起工作是一种充实的体验，能进一步连接你与教会。,我们应该禁止传教工作。
30004,全球范围内有几家重要的科学机构和组织谴责家庭疗法的做法是荒谬且不负责任的。,顺势疗法带来的危害大于好处。
30005,当每个人穿着一样的衣服时，担心自己的外表和同龄人的压力并不那么重要。,我们应该放弃使用校服。
30006,将会降低生产力，可能会导致更多的酒后驾车事件。,我们应该合法化大麻
30007,将消除所有由大规模枪击事件造成的死亡。,我们应该废除拥有和携带武器的权利。
30008,消除宗教迫害，减少仇恨犯罪。,我们应该接受无神论。
30009,鼓励人们共同合作，开发新产品和创意。,我们应该废除知识产权。
30010,确保每个人都拥有相同的防御。,公共辩护律师的使用应该是强制性的
30011,有助于消除监狱过度拥挤问题。,我们应该合法化大麻
30012,这将有助于学生长期发展，因为它将阻止目前针对大学生的高利贷贷款机构。,我们应该对学生贷款进行补贴。
30013,会帮助公司和网站的成长。,我们应该对维基百科进行补贴。
30014,会增加再犯罪者的数量。,我们应该废除三罢法。
30015,将增加对在美国生产的商品和服务的使用和购买。,我们应该结束使用经济制裁。
30016,这将增加对妇女和儿童的暴力。,我们应该合法化卖淫。
30017,将提高选民投票率。保证每个人都有发言权。,我们应该引入强制投票制。
30018,会导致道德和伦理水平下降,我们应该采纳无神论。
30019,是的，禁止它，如果我想要买东西，我会知道去哪里找，而不想被不断打扰的电话。,我们应该禁止电话营销。
30020,是的，我认为应该强制使用公共辩护人，因为这对辩护是必要的。 ,公共辩护律师的使用应该是强制性的。
30021,是的，我认为我们应该为我们的民主制度采取多党制。,我们应该采取多党制。
30022,是的，我认为我们应该禁止未成年人进行整形手术，因为这不适合他们。,我们应该禁止未成年人进行整形手术。
30023,是的，寄养照顾带来的伤害远大于好处。,寄养对孩子带来的伤害大于好处
30024,是的，停止自动驾驶汽车的发展非常重要。,我们应该停止自动驾驶汽车的发展。
30025,是的，它应该结束，它对任何人都没有益处，然后就能有和平。,加沙地带的封锁应该结束。
30026,是的，人们对这种无用的问题感到害怕。,智力考试带来的危害大于好处。
30027,是的，我们应该禁止它，孩子们不需要更多的东西让他们觉得自己必须达到的标准。,我们应该禁止未成年人进行整形手术。
30028,是的，我们应该这样做，因为这给了竞选工作的人们政治自由。,我们应该采取多党制。
30029,是的，我们应该这样做。国债已经失控，必须想办法重启系统，让繁荣的机会能够平等地存在于所有人之间。,我们应该实施紧缩政策。
30030,是的，任何支持胚胎干细胞研究的举措都是恰当的。如果补贴有助于继续研究，我完全支持。,我们应该资助胚胎干细胞研究。
30031,是的，只要这个人同意并且不是必需的。,我们应该接受无神论。
30032,是的，因为这在实际上是谋杀行为，而且被视为犯罪。,协助自杀应被视为刑事犯罪。
30033,是的，为了以色列的安全和和平，加沙地区的封锁应该结束。,加沙地带的封锁应该结束。
30034,是的，明确地。除了道德方面之外，人类克隆只会加剧世界上已经存在的不平等。,我们应该禁止人类克隆。
30035,是的，应该禁止家庭教育。,应该禁止家庭教育。
30036,是的，人类克隆是疯狂的，它只会给人类带来问题。,我们应该禁止人类克隆。
30037,是的，我认为我们应该结束种族歧视，因为这对人们的团结很重要。,我们应该结束种族歧视。
30038,是的，我认为这可能是一件好事。,我们应该废除安全空间
30039,是的，我认为我们应该对安全状况采取紧缩规定。,我们应该采取紧缩政策。
30040,是的，我认为我们应该禁止人类克隆以维护和平与健康。,我们应该禁止人类克隆。
30041,是的，我认为我们应该引入强制投票，因为这有助于培养公民意识和民主精神。,我们应该引入强制投票。
30042,是的，我认为我们应该补助胚胎干细胞研究，因为这有助于推动人类文明和出生控制。,我们应该提供补贴支持胚胎干细胞研究。
30043,是的，我认为我们都应该拥有平等和相同的权利。,我们应该结束种族歧视定性。
30044,是的，应该合法化，一夫多妻制是一种合法的生活方式，而且世界上女性比男性多。,我们应该合法化一夫多妻或一妻多夫制度。
30045,是的，这是一种宗教信仰的做法，不应该出现在学校中。,我们应该禁止在学校里祈祷。
30046,是的，传教工作应该被禁止。参与其中的人通常试图强加自己的信仰于他人之上。人们应该被允许自由选择。,我们应该禁止传教工作。
30047,是的，因为我们是人类，拥有表达自己观点的权利。,应该合法化诱捕。
30048,是的，这应该是一种犯罪行为。历史事实证明大屠杀确实发生过，因此任何试图否认它的行为只是出于对他人的伤害，不应被忽视。,否认大屠杀应该被视为犯罪行为。
30049,是的，我们负债过重，无法偿还甚至支付负债所产生的利息，只能通过借更多的钱来解决。,我们应该采取紧缩政策。
30050,是的，我们应该采取紧缩政策，因为这个国家的债务已经变得太高了。我们陷入了一个非常深的坑，稍微提高一点税收是不够的。我们需要消灭我们的国债。,我们应该采取紧缩政策。
30051,是的，我们应该这样做，这会是最好的。,我们应该给维基百科提供补贴。
30052,是的，我们应该结束使用经济制裁来达到和平的目的。,我们应该结束使用经济制裁。
30053,是的，我们应该为民主引入强制投票。,我们应该引入强制投票制。
30054,是的，我们应该补贴职业教育，因为对年轻人来说非常重要。,我们应该对职业教育进行补贴
30055,是的，我们应该，因为其他任何事情都会令大屠杀幸存者感到受伤。,否认大屠杀应该是一种刑事犯罪。
30056,是的，维基百科是许多年轻人的帮助来源。,我们应该资助维基百科。
30057,是的，您需要让员工意识到他们真正可以花费的金额，不要借贷。,应该禁止发放工资日贷款
30058,是的，你应该为学生提供更多支持，财务帮助是很大的帮助。,我们应该对学生贷款进行补贴
30059,是的，你应该通过努力工作去赢得成功，而不是让成功轻易地送到你手里。,我们应该结束平权行动。
30060,是的，我们应该对胚胎干细胞研究进行补贴，以实现国家的最佳利益。,我们应该资助胚胎干细胞研究
30061,是的。我们应该采用性别中立的语言，因为这是值得推荐的。,我们应该采用性别中立的语言
30062,你正在摧毁一个胚胎，这是违背道德的。,我们应该补贴胚胎干细胞研究。
30063,你要么是男性，要么是女性，别无他选。人们需要正视事实，或者寻求帮助解决他们的心理障碍。,我们应该采用性别中立的语言。
30064,您正在杀害婴儿，只是为了对他们进行实验。,我们应该对胚胎干细胞研究进行补贴。
30065,现在你可以在互联网上找到你所需要的一切。,我们应该放弃电视
30066,你可以合法化大麻，但不能允许在儿童周围吸食，因为烟雾无处不在，与饮酒不同。,我们应该合法化大麻。
30067,您可以更轻松地获得您的业务所需的融资。,我们应该废除知识产权。
30068,没有坚实的基础，你无法成为一个好人。,我们应该接受无神论。
30069,你不能强迫别人信仰宗教或无神论。,我们应该接受无神论。
30070,你不能强迫人们投票，这是一项宪法权利，但也是每个人都有权利去履行的。,我们应该引入强制投票。
30071,你不能告诉一个人他们应该或不应该相信什么，将否认大屠杀定为犯罪是一种不必要的干涉。,否认大屠杀应被视为刑事犯罪。
30072,你只能给某人这么多次机会。如果他们在第三次还没学会，那么很可能他们不会学会了。,我们应当废除“三罢法”
30073,你可以要求投票，但你不能强迫人们对候选人和议题进行教育。,我们应该引入强制投票制度。
30074,现在你可以在互联网上观看任何你想看的东西。,我们应该放弃电视。
30075,你无法控制一个人选择吃什么。,我们应该禁止快餐店。
30076,你不能禁止快餐，这是美国，我们有权利。,我们应该禁止快餐
30077,在尊重宗教自由的任何国家都无法禁止传教工作，因为对一些人来说向他人传达信仰是他们宗教的一部分。,我们应该禁止传教工作。
30078,即使不基于法律，你也不能决定陪审团的决定。,我们应限制司法激进主义。
30079,你无法强制执行这样的要求。有些人就是不关心政治，你无法强迫他们这样做。,我们应该引入强制投票。
30080,你不能强迫别人做事,我们应该引入强制投票制。
30081,你不能强迫别人走出否认阶段。,否认大屠杀应该是一种犯罪行为
30082,你不能合法地处罚人们因为他们的观点。,否认大屠杀应该成为一种犯罪行为
30083,你不能监控人们相信和不相信的东西 - 此外，压制信息通常只会增强其可信度。,否认大屠杀应该被视为犯罪行为。
30084,你不能仅仅因为不赞同另一个国家的行为而对其施加压力。,我们应该停止使用经济制裁。
30085,你无法对一个思想主张所有权。,我们应该废除知识产权。
30086,你不能阻止孩子们祈祷。即使你告诉他们不要这样做，他们还是会祈祷。就让它自然发生吧。,我们应该禁止学校祈祷。
30087,您不能使用公共资金来推动一些人认为道德问题的研究。,我们应该补贴胚胎干细胞研究
30088,你不能禁止焚烧国旗，因为言论自由赋予了我们焚烧国旗的权利。,我们应该禁止烧国旗。
30089,你不能因为这样就禁止一个人从事传教工作，因为那样就不支持他们的宗教信仰。,我们应该禁止传教工作。
30090,你不能强迫别人以特定方式说话，这是自然演变的。,我们应该采用性别中立的语言
30091,你不能强迫别人投票，如果他们不喜欢任何一方，不投票就是他们表达这一态度。,我们应该推行强制投票制。
30092,即使对方撒谎，也不能侵犯他人的言论自由。,否认大屠杀应该是一种刑事犯罪。
30093,不能随心所欲地做任何你想做的事。,我们应该采纳自由主义。
30094,在找到一种可以测试汽车司机是否使用大麻的方法之前，你不能将大麻合法化。,我们应该合法化大麻。
30095,你不能禁止思想或意见，否则就有可能有其他人来禁止任何其他事物。,否认大屠杀应该是一种刑事犯罪。
30096,你不能阻止进步。世界上有数百万人需要更多的空间。为了讨好一些树木保护者而停止进步毫无意义。,我们应该抵制城市化。
30097,你无法收回。死刑是不可逆转的。,我们应该废除死刑。
30098,你再也分辨不出骗子和电话推销员的区别了。,我们应该禁止电话推销。
30099,你不能相信政府来管理任何事情，他们会浪费纳税人的钱,我们应该采取紧缩政策。
30100,你不能信任政府会用更多的税收款项。,我们应该实施紧缩政策。
30101,仅仅因为你到了退休年龄就不意味着你就不再合适这项工作。,我们应该结束强制退休。
30102,你不必24/7都过着高效的生活，应该允许自己适当放纵一下，参与一些无需动脑的活动。,我们应该放弃电视。
30103,你无法分清社交媒体上的真假,社交媒体带来的危害大于好处。
30104,你不需要一张纸来陪伴一个人度过一生。,我们应该放弃婚姻
30105,你必须打击他们的荷包，才能让他们坐到谈判桌前。,我们应该结束使用经济制裁。
30106,如果你给一个在“勿扰名单”上的客户打电话，可能会触犯法律。,我们应该禁止电话营销。
30107,你需要看情况。假设一个孩子遭遇事故，需要进行整形手术来修复自己，以过上正常的生活。,我们应该禁止未成年人进行整形手术。
30108,你应该有能力聘请任何律师来为自己辩护。,公共辩护律师的使用应该是强制性的。
30109,你应该有权选择如何对待自己的身体。,我们应该禁止整形手术。
30110,你应该有权利烧国旗。国旗是一个象征性物品，对他人的意义可能与你的不同。,我们应该禁止烧国旗。
30111,你不应该轻易放弃，爱的行为是特别的,应放弃独身誓言。
30112,你不应该杀害任何生物,我们应该禁止捕鲸。
30113,你应该禁止使用公共辩护律师，因为他们通常不能提供良好的服务。,公共辩护律师的使用应该是强制性的。
30114,你不应该被要求与那些做违背你国家信仰的事情的地方分享你所拥有的内容。,我们应该结束使用经济制裁。
30115,你接触性病的可能性要小得多。,应该放弃独身誓言
30116,如果双方都希望如此，为什么一个人不能帮助另一个人有尊严地结束生命，就像你不会让一只受苦的动物继续活着一样呢？,协助自杀应该是一种犯罪行为
30117,年轻成年人花费他们的一生时间训练来参加比赛。他们不会获得其他技能，所有的时间都投入到了体育运动中。然后他们没有接受过适合现实世界的培训或技能。,我们应该废除奥运会。
30118,年幼的孩子还不能知道什么是必要的，什么是不必要的。,我们应该禁止未成年人接受整容手术。
30119,年幼的孩子尚未发展出能够做出良好决策并完全理解行为后果的心智能力。零容忍政策除了惩罚他们的生理年龄之外几乎没有其他作用。,我们应该在学校实行零容忍政策。
30120,年轻绝望的女性很容易在没有完全理解对健康的影响的情况下被迫参与代孕。,代孕应该被禁止。
30121,年轻人对可能的结果不够了解，无法独立做出决定。,我们应该禁止未成年人进行整形手术。
30122,年轻人仍在发展成长，过早进行整形手术可能会阻碍他们的发展，并伤害他们的自尊心。,我们应该禁止未成年人进行整形手术
30123,年轻人没有意识到他们说的话对他人的影响，而安全空间则阻止他们对他人做任何事情。,我们应该废除安全空间。
30124,年轻人必须有犯错误和纠正的机会，因此我们必须容忍一些对学习环境有害的事情，并允许学生弥补他们的错误。,在学校应该实施零容忍政策。
30125,年轻人需要明确的界限和规则，这样每个学生都可以在一个宁静有序的学校里接受教育。,我们应该在学校实施零容忍政策。
30126,年轻人应被允许纠正造成他们困扰和创伤的身体问题。,我们应该禁止未成年人进行整形手术。
30127,应鼓励年轻人珍爱自己的肌肤，不要认为他们需要整形手术。,我们应该禁止未成年人进行整形手术。
30128,年轻人会把合法化视为使用许多毒品的许可。,我们应该合法化大麻
30129,年轻人因面部畸形或事故受伤可能会受益于整形手术，提升他们的自信心并恢复他们的外貌。,我们应该禁止未成年人进行整形手术
30130,年轻人的身体尚未完全发育，除非绝对必要，否则不应进行任何手术干预。,我们应该禁止未成年人进行整形手术。
30131,年轻人的身体仍在成长，他们的心智和心态也在发展。孩子们任意的决定会影响他们未来多年的生活。,我们应该禁止未成年人进行整容手术
30132,年轻女性被富裕的西方人剥削，以极低的报酬利用她们的身体在第三世界国家。,代孕应该被禁止。
30133,年轻员工给公司带来新的想法。他们为任何领域注入了新的活力和创新。,我们应该终止强制退休。
30134,年轻工作者需要时间积累经验。,我们应该结束强制退休。
30135,如果没有人退休，年轻工作者将无法找到工作。,我们应该终止强制退休。
30136,年轻、脆弱和绝望的女性应该受到保护，不应在没有充分考虑身心后果的情况下做出这个决定。,代孕应该被禁止。
30137,年轻人更渴望并投入到工作中，因为他们正在努力建立自己的职业生涯，所以比年长员工更有可能在工作中投入额外的时间和努力。,我们应该取消强制退休。
30138,你要么是男性，要么是女性，不能存在中间状态。,我们应该采用性别中立的语言。
30139,零容忍政策没有解决导致问题的行为的根本原因。,我们应该在学校实施零容忍政策。
30140,零容忍政策可能因缺乏灵活性而对孩子实施不合理惩罚，比如仅仅因为带了一个橡皮筋进学校就被停学，这可能被视为携带武器。,在学校里我们应该实行零容忍政策
30141,零容忍制度可能导致不成比例的处罚。,在学校里，我们应该采取零容忍政策。
30142,零容忍制度可以阻止学生在学校中的不良行为，同时也让家长参与保护孩子的安全，促使他们在教育环境中守规矩。,我们应该在学校实行零容忍政策。
30143,零容忍政策并不能改善学生的暴力行为。,学校应该采取零容忍政策。
30144,零容忍政策不接受行为上的学习曲线,我们应该在学校实行零容忍政策
30145,对于其他年轻人的欺凌行为持零容忍态度,我们应该在学校实行零容忍政策
30146,零容忍已被证明是无效的。,在学校应该采取零容忍政策。
30147,零容忍有助于学生变得更好。,我们应在学校实施零容忍政策
30148,学校必须实行零容忍政策，以避免进一步的枪击事件，并防止欺凌事件的发生。,在学校里我们应该采取零容忍政策。
30149,学校的零容忍政策将为学生和教师提供更安全的环境，并确保不容忍干扰秩序的学生。,我们应该在学校实行零容忍政策
30150,零容忍太过死板，孩子可以被塑造和理解，这样更有利于学习是非对错。,我们应该在学校采取零容忍政策。
30151,零容忍是维护秩序的唯一方式,学校应该采取零容忍政策
30152,对孩子们实行零容忍政策太严厉了。孩子们需要先从错误中学习，如果再次犯错才受到惩罚。,我们应该在学校实施零容忍政策
30153,零容忍政策导致学生因为他们无法控制的事情而受到惩罚，这是不公平的。,我们应该在学校实行零容忍政策
30154,零容忍政策不容许个别情况，即使在某些情况下可能弊大于利。,我们应该在学校实行零容忍政策。
30155,零容忍政策给人以公平的外观，这增加了对纪律体系的认可度，即使是原本持怀疑态度的家长和社区领导者也会支持。,我们应该在学校实施零容忍政策
30156,零容忍政策通过要求对不同种族/背景的学生实施相同惩罚来限制隐性偏见。,在学校应该采取零容忍政策。
30157,零容忍政策对于保障学生安全至关重要。它们限制了暴力、武器和毒品进入学校。学校应该是一个安全的学习环境，而这些政策可以保护这种环境。,我们应该在学校实行零容忍政策。
30158,零容忍政策是必要的，因为过去“男孩就是男孩”的思维定势让暴力成为教育中的一种普遍现象。,我们应该在学校实施零容忍政策。
30159,零容忍政策是非歧视性的。如果规则被违反，无论学生成绩高低，来自富裕家庭还是贫困家庭，处罚都是一样的。,我们应该在学校实行零容忍政策.
30160,零容忍政策过于严厉，并且执行不一致，通常导致有色学生被不成比例地惩罚。,在学校里我们应该采取零容忍政策。
30161,零容忍政策对学生太过严厉。,我们应该在学校实行零容忍政策。
30162,零容忍政策会影响学生的生活,在学校应采取零容忍政策
30163,零容忍政策可以带来学校更好的结果。,我们应该在学校实行零容忍政策。
30164,零容忍政策能够阻止学生欺凌和其他暴力行为。,我们应该在学校采取零容忍政策。
30165,零容忍政策并不能提高学校安全。,我们应该在学校实行零容忍政策。
30166,零容忍政策在学校中不起作用，因为它们将每个案例都视为相同。,在学校中，我们应该采取零容忍政策。
30167,零容忍政策不允许管理员行使裁量权来施加惩罚。,在学校应该采取零容忍政策。
30168,零容忍政策没有考虑到个别学生的需求。,我们应该在学校实行零容忍政策。
30169,零容忍政策对成年人无效，对孩子们更是行不通，他们在成长过程中不断测试界限。,我们应该在学校实行零容忍政策
30170,零容忍政策通过对所有违规行为采取相同的方式来强制公平惩罚。,在学校中，我们应该采取零容忍的政策。
30171,零容忍政策并未被证明能有效改善学生行为。,我们应该在学校采取零容忍政策。
30172,零容忍政策有助于减少暴力和扰乱行为。,我们应该在学校实施零容忍政策
30173,学校的零容忍政策制造了一种绝对完美主义的氛围，这是孩子们无法达到的。孩子们不够成熟的思维和心智使得他们无法遵守零容忍政策。,我们应在学校实施零容忍政策
30174,在学校实施零容忍政策可以使其变得更安全和纪律更有序，因为干扰性学生会被移除。,我们应该在学校实施零容忍政策。
30175,学校的零容忍政策不考虑违规情况，因此本质上是不公平的。,我们应该在学校实施零容忍政策。
30176,零容忍政策增加了不必要的警察干预。,我们应该在学校实施零容忍政策。
30177,零容忍政策缺乏细致入微，不允许教师有足够的自由去找到适合涉及学生和情况的惩罚。,在学校应采取零容忍政策。
30178,零容忍政策有助于学校取得更好的结果,在学校应该采取零容忍政策
30179,零容忍政策通常会导致受害者也受到惩罚。,我们应该在学校实行零容忍政策。
30180,零容忍政策为纪律提供了一个一贯的框架，以确保问题得到应有的重视。,在学校我们应该实行零容忍政策。
30181,零容忍政策在学生成为更严重问题之前将麻烦制造者从学校中清除，从而改善其他学生的学习环境。,我们应该在学校实行零容忍政策
30182,零容忍政策传递了强烈的信息，一旦被违反就会有严厉的后果。这些政策对保障学生的安全至关重要。,我们应该在学校实施零容忍政策。
30183,零容忍政策向学生、家长和社区传递了一个强烈的信号，即暴力和欺凌不会被容忍。,我们应该在学校实施零容忍政策。
30184,零容忍政策表明暴力和欺凌不会被容忍，从而使学校更安全。,我们应该在学校实行零容忍政策。
30185,零容忍政策将防止对不同学生给予不同程度的惩罚，从而营造更公平的环境。,我们应该在学校采取零容忍的政策。
30186,零容忍政策不使用人类判断，不是所有犯罪都相同，将它们一概视同只会导致过度刑事化。,在学校中，我们应该采取零容忍政策。
30187,学校的零容忍政策可能会导致学生因小事被开除或停学。,我们应该在学校实行零容忍政策。
30188,学校的零容忍政策将有助于孩子更好地表现。,在学校中我们应该采取零容忍政策。
30189,零容忍制度在军队中会促进更大的尊重和纪律。,在学校里我们应该采取零容忍政策。
30190,我们的学校系统不应该实行零容忍规则。孩子们都会犯错误。,在学校中我们应该实行零容忍政策。
30191,零容忍为所有人设定了清晰明确的准则。,在学校中，我们应该采取零容忍政策。
30192,零容忍会让年轻人无法自由表达自己，也无法从错误中学习。,我们应该在学校实行零容忍政策
30193,零容忍将改善教育水平和行为，从而带来更好的学习成果。,在学校中，我们应该实行零容忍政策
30194,零容忍政策不考虑可能存在的特殊情况，会在没有获得所有事实的情况下惩罚孩子。,学校应该采取零容忍政策。
30195,零容忍并不是件好事，对未成年人来说是严厉的惩罚。,我们应该在学校实行零容忍政策
30196,零容忍是保障学生安全最有效的措施。,我们应该在学校实行零容忍政策。
30197,零容忍意味着没有解释的余地，所以你可以根据孩子的行为惩罚他们，而不是为什么。,在学校中，我们应该采取零容忍的政策。
30198,在学校中，零容忍必须是强制性的，并且是阻止学校中经常发生的负面事件的唯一途径。,我们应该在学校实行零容忍政策
30199,零容忍政策是浪费时间。,在学校里我们应该实行零容忍政策。
30200,零容忍政策是适得其反的，对孩子们也是不公平的,我们应该在学校实施零容忍政策。
30201,零容忍政策是有帮助的，因为它们阻止了孩子的不良行为。,我们应该在学校实行零容忍政策。
30202,零容忍政策在减少欺凌和暴力方面是无效的。,我们应在学校实行零容忍政策。
30203,零容忍政策在彻底阻止枪支和毒品进入学校方面并不起作用，因此不应被采纳。,我们应该在学校内实行零容忍政策。
30204,零容忍政策过于严厉，处罚往往与所犯罪行不成比例。,我们应该在学校实施零容忍政策。
30205,零容忍政策是对不当行为最好的威慑力量，明确表示规则必须遵守，不存在灰色地带或误解。,我们应该在学校实施零容忍政策。
30206,零容忍政策是唯一有效的系统，可以使学校远离毒品和校园枪击的威胁。,我们应该在学校实施零容忍政策。
30207,零容忍政策过于严苛，对轻微违规惩罚过重。,我们应该在学校实行零容忍政策。
30208,零容忍政策对那些仍处于成长阶段、能够改变行为的学生来说过于严厉。,我们应该在学校实行零容忍政策。
30209,零容忍政策对儿童来说过于严格。,我们应在学校实施零容忍政策。
30210,零容忍政策是不合理的，且与学习过程背道而驰。,我们应该在学校实行零容忍政策。
30211,零容忍政策有时可能是不合理的。一名持有阿司匹林或布洛芬的学生可能因为持有毒品而被开除。,我们应该在学校实施零容忍政策
30212,零容忍政策对低收入和少数族裔学生造成了不成比例的伤害。,我们应该在学校采取零容忍政策。
30213,零容忍政策并不会增加学校的纪律。,我们应该在学校实施零容忍政策。
30214,零容忍政策不考虑个体情况，导致本可得到帮助的孩子在生活中失败。,在学校我们应该采取零容忍政策。
30215,零容忍政策对儿童无效。,在学校应该采取零容忍政策。
30216,零容忍政策在学校中无效。,我们应该在学校实行零容忍政策
30217,零容忍政策确保学生清楚地了解规则和法规的具体内容，不留任何模糊空间，从而确保更好的行为。,我们应该在学校实行零容忍政策。
30218,零容忍政策强制对所有学生执行相同的规则，从而减少歧视。,在学校中，我们应该采取零容忍政策。
30219,零容忍政策被证明在少数族裔学生中被不成比例地执行。,在学校里我们应该采取零容忍政策
30220,零容忍政策会产生有害的长期影响。被开除或停学的学生更有可能辍学。,我们应该在学校实施零容忍政策。
30221,零容忍政策有助于保障孩子的安全。,我们应该在学校实施零容忍政策。
30222,零容忍政策有助于保障人们的安全。,在学校中，我们应该采取零容忍政策。
30223,学校中的零容忍政策对于保障学生的安全环境是必要的。,在学校，我们应该采取零容忍政策。
30224,学校的零容忍政策有助于营造更安全、没有欺凌的环境。,在学校里我们应该采取零容忍政策。
30225,学校的零容忍政策太过严厉。我们必须记住这些孩子还在发育阶段，他们需要这种教育来在生活中取得成功。,我们应该在学校实施零容忍政策。
30226,学校的零容忍政策过于严格和不必要。,我们应该在学校实施零容忍政策。
30227,学校的零容忍政策是不公平的，因为它们对通常是轻微违规的情况没有考虑，并且几乎没有使学校更安全的效果。,我们应该在学校实施零容忍政策
30228,学校的零容忍政策可能会导致对误解的草率处罚。,我们应该在学校实施零容忍政策。
30229,零容忍政策通过立即移除问题来使学校更安全。,在学校中，我们应该采取零容忍的政策。
30230,零容忍政策缺乏常识，经常惩罚无辜学生。,我们应该在学校实行零容忍政策。
30231,零容忍政策缺乏常识，因为它不允许第二次机会，犯一个错误就会被开除。这给学生施加了太大压力。,我们应该在学校实施零容忍政策。
30232,零容忍政策没有给解释情况的余地，这对被惩罚的个体是不公平的，也会给整个学校社区传递负面信息。,我们应该在学校实施零容忍政策。
30233,零容忍政策不留任何余地供学校探究不良行为背后的情况，这对孩子的情绪状态造成伤害，并往往导致不良行为的再次发生。,我们应该在学校实施零容忍政策
30234,零容忍政策对个人可能看起来不公平，但学校里的不良和危险行为会像野火般迅速蔓延。有时我们必须以个人为例，造福大众。,我们应该在学校实施零容忍政策。
30235,零容忍政策可以让学生为现实世界做好准备。,我们应该在学校实行零容忍政策
30236,零容忍政策提供了一个安全空间,我们应该在学校实行零容忍政策。
30237,零容忍政策几乎不留有任何细微差别的空间，因此导致许多不公平的惩罚。,我们应该在学校实行零容忍政策。
30238,零容忍政策向我们的孩子传递了所有错误的信息；它告诉他们人们不应该有同情心，情况永远不重要，而且永远不应该给予宽容和第二次机会。,我们应该在学校实行零容忍的政策。
30239,应尽一切努力避免零容忍政策，因为这可能导致儿童被不公平地逐出学校。,在学校中我们应该执行零容忍政策。
30240,零容忍政策教会学生如何遵守学校的规则和准则，从而使学生更加自律，创造更好的学习环境。,在学校应该采取零容忍政策。
30241,零容忍政策不公平地针对有色学生，并持续延续了刻板印象。,在学校中，我们应该采取零容忍的政策。
30242,零容忍政策可能会导致校园枪击案进一步上升，因为仅因单一违规而将学生开除可能会推动他们走向极端，并想要报复。,我们应该在学校里采取零容忍政策。
30243,零容忍政策不允许学生表达个性。,我们应该在学校实施零容忍政策
30244,学校的零容忍政策使教师能够更安全地感到学生遵守规则，从而创造更少干扰的课堂环境，使学生受益。,我们应该在学校实施零容忍政策
30245,学校的零容忍政策会将有问题的学生推入绝望的境地，剥夺了改造和引导他们走向积极生产力道路的机会。,我们应该在学校实行零容忍政策
30246,学校应严格执行零容忍政策，以确保为所有人营造安全的学习环境。,我们应该在学校实行零容忍政策。
30247,学校的零容忍政策教导学生责任和尊重，应该被采纳。,在学校应该实行零容忍政策。
30248,学校的零容忍政策可能会导致学生被不公正地开除或被指控做错事。,我们应该在学校实行零容忍政策。
30249,零容忍政策是一项糟糕的规定。过于严厉和过于困难，危害学生在和平环境中学习的能力。,我们应该在学校实施零容忍政策。
30250,零容忍政策过于严厉，甚至连小错误都不允许。学生感到恐惧，不再适合学习。,我们应该在学校实行零容忍政策。
30251,零容忍政策导致学生遵守所有学校法规。这是学生纪律的一种必要工具。,我们应在学校实施零容忍政策
30252,应该采取零容忍政策来教育孩子纪律，帮助他们为生活中必须遵守规则做好准备。,我们应该在学校实施零容忍政策。
30253,零容忍政策有效果——想想三十年前的学校，当时这一政策很普遍。结果孩子们很守纪律，与如今学校使用温和方法相比，孩子的行为有所不同。,在学校应该采取零容忍的政策
30254,零容忍政策强化了行为模式，并没有解决导致该情况的潜在问题。,在学校中，我们应该实行零容忍政策。
30255,零容忍导致过于纪律严厉的方式，并且无法区分所有细微的违规程度。,在学校里，我们应该采取零容忍政策。
30256,零容忍策略清除可能会造成未来危害的因素,我们应该在学校实施零容忍政策
30257,零容忍政策对被错误指控违反规定的人可能是不公正的。,我们应该在学校实行零容忍政策
30258,动物园里的动物被非自然限制。,我们应该废除动物园
30259,动物园为动物提供了不自然的生活条件，对它们的物种造成伤害。,我们应该废除动物园
30260,动物园让动物在安全的环境中生活，并提供持续的食物来源。,我们应该废除动物园
30261,动物园可以继续保护许多物种，同时提供了许多在野外因栖息地丧失和偷猎而无法繁殖的动物出生的机会。,我们应该废除动物园
30262,动物园让人们有机会接触到他们可能不会了解的动物，并激发了对保护工作的兴趣。,我们应该废除动物园。
30263,动物园让人们能够亲身体验那些他们可能永远无法接触到的动物，并且在对动物进行适当照顾和尊重的情况下，对它们来说是完全安全的。,我们应该废除动物园。
30264,动物园让人们了解动物，从而增加保护动物的努力。,我们应该废除动物园
30265,动物园让人们可以看到大多数人在其实际栖息地中几乎见不到的动物。,我们应该废除动物园
30266,动物园让人们能够看到许多生活在自然栖息地中的动物，这些是大多数人平常很难见到的。,我们应该废除动物园
30267,动物园让社会能够接触到通常不会接触到的动物，从而培养对它们的同情心。这种同情心将减少对这些动物造成的伤害。,我们应该废除动物园
30268,动物园让我们能够接触到我们以其他方式无法看到的动物。,我们应该废除动物园
30269,动物园让我们能看到平常无法接触的动物，并培养对它们的怜悯心，这样我们就更不容易在自然环境中伤害它们。,我们应该废除动物园
30270,动物园让我们有机会看到那些我们在其他地方无法见到的动物。,我们应该废除动物园
30271,动物园让我们有机会研究动物，学习如何更好地保护它们及它们的物种。,我们应该废除动物园。
30272,动物园让我们能够欣赏到美丽的动物，否则我们很可能永远也见不到，同时也保护了这些动物免受野外环境中的许多危险。动物园对每个人都是一种福利。,我们应该废除动物园。
30273,动物园也为动物提供了一个安全的避难所，避免了被捕杀的危险，并且是一个学习的场所。,我们应该废除动物园
30274,动物园是建立在帝国主义和动物虐待基础上的生意，应该关闭，将动物还回它们的自然栖息地。,我们应该废除动物园
30275,动物园是儿童关心其他智慧生命和地球的重要学习工具。,我们应该废除动物园。
30276,动物园是一种残忍无情的方式来囚禁动物，仅仅为了人类的娱乐。因此，所有动物园应该被废除。,我们应该废除动物园
30277,动物园是让人们看到通常不会看到的动物的绝妙方式，它们也让动物能够生活在一个安全的环境中。如果可以的话，我们应该建更多的动物园。,我们应该废除动物园。
30278,动物园是囚禁动物的一种形式，它们本该自由地生活在自己的栖息地里。,我们应该废除动物园。
30279,动物园是保持动物数量的好方法。,我们应该废除动物园
30280,动物园是让孩子们了解来自世界各地动物的很好且廉价的途径。,我们应该废除动物园
30281,动物园是人们了解动物的好方法。,我们应该废除动物园。
30282,动物园是我们了解通常无法近距离看到的动物的好方法，从而更有效地与濒危物种事业和慈善机构建立联系。,我们应该废除动物园。
30283,动物园是教育人们了解动物及其重要性的重要途径。,我们应该废除动物园。
30284,动物园是保护濒危物种并将它们释放回野外的一种方式。,我们应该废除动物园。
30285,动物园是保护濒危物种免于灭绝的一种方式，也可以进行科学研究来对抗疾病，并将动物重新引入野外。,我们应该废除动物园
30286,动物园是一个教育与保护的工具，让人们了解地球的现状。,我们应该废除动物园
30287,动物园是一种教育和娱乐工具，动物得到良好的饲养和照顾。,我们应该废除动物园
30288,动物园是研究和观察那些平时难以追踪的动物的绝佳来源。,我们应该废除动物园
30289,动物园是为家庭提供娱乐和团聚的绝佳方式。它们提供其他场所无法提供的活动。它们不应该被废除。,我们应该废除动物园。
30290,动物园是保护和康复那些在野外无法生存的动物的重要工具。,我们应该废除动物园
30291,动物园是一种过时而残忍的娱乐形式，奴役了被捕获的动物，并将它们置于它们通常不适应的气候中。,我们应该废除动物园。
30292,动物园是一种过时的概念，纯粹是为了公众娱乐而打着动物保护的幌子。,我们应该废除动物园。
30293,动物园是动物的不自然栖息地，会给动物带来很大的压力。这意味着动物会患病并比他们本应该的寿命更早死亡。,我们应该废除动物园
30294,动物园是一个不自然的、令动物产生压力的环境。没有任何动物应该被迫生活在笼子或围栏中，只为了人们的娱乐，这是残忍且不必要的。,我们应该废除动物园
30295,动物园就是动物监狱。应该更多努力投入到栖息地保护和防止偷猎，而不是囚禁动物。,我们应该废除动物园。
30296,动物园对那些需要自由生活的野生动物有害,我们应该废除动物园。
30297,动物园是城市环境中休闲和动物学习的中心。,我们应该废除动物园
30298,动物园是对需要更大空间的动物进行限制的场所,我们应该废除动物园。
30299,动物园对动物而言是残忍和不人道的，仅仅为了我们的娱乐。它们无法像在自然环境中那样茁壮成长，在动物园里更容易夭折。,我们应该废除动物园
30300,动物园是残忍的，它们把野生动物关在如此狭小的空间里，而它们需要自由奔跑，所以应该废除动物园。,我们应该废除动物园
30301,动物园是残酷的，不允许动物按照它们在野外演化的方式生活，导致它们出现问题和疾病。,我们应该废除动物园
30302,动物园对动物来说是残忍和不人道的地方，因为它们并非动物的自然栖息地，条件可能十分恶劣。,我们应该废除动物园。
30303,动物园是残忍的，因为动物经常受虐待，它们被关在远远小于其需求的笼子里。,我们应该废除动物园。
30304,动物园是残酷的，因为它们把动物从它们的自然栖息地中带走。,我们应该废除动物园。
30305,动物园对被关押在囚禁中的动物是残酷的,我们应该废除动物园。
30306,动物园对动物是残忍的，因为通常如果人类做了愚蠢的事情，动物就会被射杀或被杀死。,我们应该废除动物园。
30307,动物园对关在笼子里的动物残酷，应该被废除。,我们应该废除动物园
30308,动物园对动物不好，把它们带离自然环境。,我们应该废除动物园
30309,动物园是危险的，不允许动物生活在它们的自然环境中。,我们应该废除动物园
30310,动物园具有教育意义，许多动物在这里得到更好的照料，生存时间也比它们在野外更长。,我们应该废除动物园。
30311,动物园具有教育意义，帮助我们在一个安全的环境中了解自然。  ,我们应该废除动物园
30312,动物园对所有年龄的人来说既有娱乐性又具有教育意义。,我们应该废除动物园
30313,动物园困住了本该生活在自然界中的动物。,我们应该废除动物园。
30314,动物园通过繁育计划和教育人们如何与野生物种和谐共处，对于许多濒危物种的保护至关重要。,我们应该废除动物园。
30315,动物园是公众近距离了解动物信息的好去处。,我们应该废除动物园
30316,动物园是很好的教育工具，同时也是照顾濒危物种的安全场所。,我们应该废除动物园
30317,动物园是很棒的组织，可以让我们探索那些无法看见的世界，并保护某些动物物种。,我们应该废除动物园
30318,动物园非常棒，因为它们可以帮助保护濒危动物。,我们应该废除动物园。
30319,动物园在许多方面帮助那些濒临灭绝且无法在野外生存的动物，因此它们不应被废除。,我们应该废除动物园
30320,动物园帮助人们在不必亲自前往野外的情况下看到动物。,我们应该废除动物园
30321,动物园正在帮助保护动物免受非法偷猎者的伤害。,我们应该废除动物园
30322,动物园正在帮助拯救濒临灭绝的物种，这些物种在野外可能无法生存。,我们应该废除动物园。
30323,动物园关押本该自由生活的动物并从中获利。,我们应该废除动物园。
30324,动物园是可怕的地方，把动物关在小笼子里，然后向公众收取高昂的门票让他们观看。,我们应该废除动物园
30325,动物园是重要的地方，可以保护濒临灭绝的动物并进行繁殖以增加它们的数量。,我们应该废除动物园
30326,动物园对于教育公众和繁殖濒危动物都非常重要。,我们应该废除动物园
30327,动物园从根本上对动物构成虐待，因此应该被禁止。,我们应该废除动物园
30328,动物园对动物是天生残忍的，在不自然的环境中关押它们，只为了娱乐人类观众 - 它们感到很不幸，并更容易患病。,我们应该废除动物园
30329,动物园是不人道的，迫使动物过着脱离自然栖息地的生活。我们不应该鼓励对这些动物的剥削。,我们应该废除动物园
30330,动物园是不人道的，它们把动物关在狭小的空间里。,我们应该废除动物园
30331,动物园对所有动物都是不人道的，应该被废除。,我们应该废除动物园。
30332,动物园是不人道的建筑，是为了将动物置于远离其自然环境的地方而建造的。动物园应该被废除，动物应该被送回它们的自然家园，让它们自由。,我们应该废除动物园
30333,动物园只是一个让动物被囚禁并被人们盯着看的地方。,我们应该废除动物园
30334,动物园只是对被囚禁动物的残忍表现。,我们应该废除动物园
30335,动物园只不过是为了让人们盯着动物拍照的监狱。,我们应该废除动物园
30336,动物园是在保护濒危物种方面的领导者。,我们应该废除动物园。
30337,动物园不是野生动物的自然生存环境。,我们应该废除动物园
30338,动物园并不是动物的自然栖息地，里面的动物都会感到不安。,我们应该废除动物园
30339,动物园只不过是动物的监狱。,我们应该废除动物园
30340,动物园因虐待动物而臭名昭著。,我们应该废除动物园。
30341,动物园是保护和繁育那些否则可能会灭绝的动物的地方。,我们应该废除动物园
30342,动物园是虐待动物的地方，我们有责任保护它们。,我们应该废除动物园
30343,动物园是动物的监狱，它们应该生活在它们的自然栖息地，而不是被困在铁栏之间。,我们应该废除动物园
30344,动物园证明对公众有危险，因为有几个人被动物杀死。,我们应该废除动物园
30345,动物园是为了供人们娱乐而将动物囚禁在圈养中的招募中心。,我们应该废除动物园
30346,动物园负责保存数百种否则可能会灭绝的物种。,我们应该废除动物园。
30347,动物园对那些被带离自然栖息地并被迫限制自然本能的动物来说是一种压力。,我们应该废除动物园
30348,动物园是许多人能够近距离接触和观察异国动物的唯一地方 - 任何能增强人类对动物的同理心和理解的事物都值得支持。,我们应该废除动物园
30349,动物园是我们保护濒临灭绝物种的唯一途径。,我们应该废除动物园
30350,动物园的存在是为了教育人们，同时也帮助动物。它们有着正当的用途，应该被允许继续开展工作。,我们应该废除动物园
30351,动物园往往是野生动物受虐和死亡的地方，我们应该废除它们，并转向其他保护努力。,我们应该废除动物园
30352,动物园太小了，无法为动物提供它们天生应有的空间和栖息地。,我们应该废除动物园
30353,动物园对动物是不自然的，它不让它们按照进化的方式生活，应该被废除。,我们应该废除动物园。
30354,动物园是野生动物生活的不自然场所，导致许多动物在笼子里度过漫长而悲惨的一生。,我们应该废除动物园
30355,动物园很有用，因为它让人们可以参观，了解更多关于动物的信息。,我们应该废除动物园。
30356,动物园是对可怜动物的无用监狱，它们应该被留在自己的自然环境中，因此我们应该关闭它们,我们应该废除动物园
30357,动物园对于研究如何保护物种生存至关重要，因此不应该被废除。,我们应该废除动物园。
30358,动物园对于研究物种和防止物种灭绝至关重要，因此不应该被禁止。,我们应该废除动物园。
30359,动物园对一个社区来说是非常棒的。它们提供教育和保护动物的机会。废除动物园会让成千上万的动物处于危险之中。,我们应该废除动物园
30360,动物园正在努力繁育濒危物种。,我们应该废除动物园。
30361,动物园并非都经过恰当监管，一些动物被关押在令人不安的环境中，它们应该留在其自然栖息地中。,我们应该废除动物园
30362,动物园带来大量资金，可以用于动物研究并阻止它们灭绝。,我们应该废除动物园。
30363,动物园向普通大众介绍了那些否则永远不会在其他地方见到的动物。,我们应该废除动物园
30364,动物园为了人类的娱乐而笼养动物，这在道德上是不对的。因此应该废除动物园。,我们应该废除动物园
30365,动物园可以通过提高人们对濒临灭绝动物的意识以及筹集资金支持它们在野外生存来帮助保护工作。,我们应该废除动物园
30366,动物园可以为濒临灭绝的动物或受伤或被排斥的动物提供一个像动物庇护所那样成长和被抚养的机会。,我们应该废除动物园。
30367,动物园可以帮助防止不同物种的灭绝。,我们应该废除动物园
30368,动物园可以帮助人们，尤其是那些收入较低的人，发现野生动物的美丽，并学习如何保护濒危物种。,我们应该废除动物园。
30369,动物园无法提供野生动物在野外拥有的空间量。,我们应该废除动物园
30370,动物园可以为濒危物种提供庇护所，帮助筹集资金保护野生物种。,我们应该废除动物园。
30371,动物园将动物关在狭小的空间里，无法自由奔跑。,我们应该废除动物园
30372,动物园将野生动物限制在对它们不适合的围栏中，纯粹为了人们的娱乐。,我们应该废除动物园
30373,动物园为动物创造了不自然的环境。,我们应该废除动物园
30374,动物园目前扮演着重要角色，有助于维持濒危动物的种群，并通过对公众开放进行支持，因此我们应该保留动物园。,我们应该废除动物园
30375,动物园进行大量的保护工作，并成功地繁殖了濒临灭绝的动物。,我们应该废除动物园.
30376,动物园在为动物提供足够的空间活动方面做得不好。,我们应该废除动物园
30377,动物园在对濒临物种开展重要保育工作和研究。,我们应该废除动物园
30378,动物园对被囚禁以供娱乐目的的动物造成更多伤害而非益处。,我们应该废除动物园
30379,动物园不允许动物像在野外那样自由漫游和探险。动物应该拥有按照本性生活的权利。,我们应该废除动物园
30380,动物园没有给予动物按照自然规律生活的自由。它们应该自由地探索周围的环境。,我们应该废除动物园
30381,动物园并没有为动物提供足够的空间去探索环境，因此动物无法过上自然的生活。,我们应该废除动物园
30382,动物园为保护濒临灭绝的动物和物种贡献了很多，它们不应该被废除。,我们应该废除动物园。
30383,动物园开展非常重要的保护工作。它们的繁育计划使一些物种得以避免灭绝。,我们应该废除动物园
30384,动物园在保护工作中扮演着非常重要的角色。它们的繁育计划已经阻止了一些物种濒临灭绝。,我们应该废除动物园。
30385,动物园并不真的为了造福动物，它们只是利用动物来展示。,我们应该废除动物园
30386,动物园让人们能够研究动物的行为，近距离观察它们作为有感知能力的生物，并且这些间接地改善了人们对动物福利的态度。,我们应该废除动物园
30387,动物园利用动物作为娱乐资源。,我们应该废除动物园。
30388,动物园强迫动物在我们的观赏愉悦之外生活在它们非自然栖息地之外。迫使它们忍受这样的环境是不对的。,我们应该废除动物园
30389,动物园通过将动物关在狭小的空间中来伤害动物。,我们应该废除动物园。
30390,动物园通过让动物生活在狭小的囚禁空间中伤害了动物。,我们应该废除动物园
30391,动物园开展的繁育计划使许多濒临灭绝的动物得以重生。,我们应该废除动物园.
30392,动物园已经走过了很长的道路，动物在动物园里受到很好的对待，并接受专业的医疗护理。,我们应该废除动物园
30393,动物园有助于帮助一些动物免于灭绝。,我们应该废除动物园
30394,动物园帮助物种免于灭绝的边缘。,我们应该废除动物园
30395,动物园长久以来为那些否则无法接触野生动物的人们提供了近距离欣赏它们的机会，这不仅在审美上令人愉悦，同时也有教育意义。,我们应该废除动物园
30396,动物园在自由社会中没有存在的必要，动物应该被允许在它们的自然栖息地自由漫游。,我们应该废除动物园
30397,动物园有专业的饲养员照料动物，并提供给孩子们了解大自然的教育机会。,我们应该废除动物园
30398,动物园帮助保护动物并防止它们在野外灭绝。许多动物园建立了复杂的繁殖网络，专门为增加动物在动物园之外的野外种群做出贡献。,我们应该废除动物园
30399,动物园有助于保护和康复濒危动物。,我们应该废除动物园。
30400,动物园有助于保护野生动物免受偷猎者的伤害。,我们应该废除动物园
30401,动物园有助于保持濒危动物的种群数量，并使某些物种免于灭绝。,我们应该废除动物园
30402,动物园帮助保护一些否则可能会灭绝的物种。,我们应该废除动物园
30403,动物园有助于保护某些物种。猎人几乎已经根除了一些种群。动物园设立是为了保护动物并增加它们的种群数量。,我们应该废除动物园。
30404,动物园有助于保护濒危动物。,我们应该废除动物园。
30405,动物园帮助保护濒临灭绝的动物。,我们应该废除动物园。
30406,动物园有助于确保某些物种不会灭绝，并能够研究其他动物以帮助保护它们。,我们应该废除动物园。
30407,动物园有助于保护濒危动物。,我们应该废除动物园
30408,动物园帮助我们保护濒危物种。,我们应该废除动物园。
30409,动物园有助于确保动物物种不会灭绝，并促进动物福利和研究。它们是帮助保护动物福利、开展研究和学习的重要组织。,我们应该废除动物园
30410,动物园帮助动物和工作人员共同努力，保持动物快乐、健康和自由。,我们应该废除动物园。
30411,动物园将动物关在笼子里，而它们本应该自由自在。,我们应该废除动物园。
30412,动物园把动物关在狭小的地方，而它们更适合自由漫步。,我们应该废除动物园
30413,动物园把动物关在小围栏里，为了赢利而剥削它们。,我们应该废除动物园
30414,动物园羞辱更多有意识的动物，如大象、海豚和猴子。,我们应该废除动物园
30415,动物园将动物远离它们的自然栖息地，即使它们得到了所需的一切，但依然不是它们应该生活的地方。,我们应该废除动物园
30416,动物园阻止动物自由奔跑。它们经常被关在笼子里。,我们应该废除动物园
30417,动物园让动物远离其自然栖息地，并为人们的娱乐而利用它们。动物的福祉被削弱，保护动物的野生栖息地比创造人工栖息地更好。,我们应该废除动物园
30418,动物园将动物关在囚笼中，剥夺它们享有自然环境的权利，因此应该废除。,我们应该废除动物园
30419,动物园将动物囚禁起来，仅仅用于展示。,我们应该废除动物园
30420,动物园将动物圈养在太小的围栏里，这会对它们造成伤害。,我们应该废除动物园。
30421,动物园为了人类的娱乐而将动物关押在不自然的环境中，这是道德上的错误，应该予以禁止。,我们应该废除动物园
30422,动物园将动物困在有时肮脏和不人道的环境中。它们应该自由地在野外漫游。,我们应该废除动物园
30423,动物园将野生动物关在比它们在野外习惯的空间还要小的区域内，这对它们来说并不是自然的。,我们应该废除动物园。
30424,动物园让动物关在笼子里，而所有动物都应该自由地生活在自然环境中。,我们应该废除动物园
30425,在二十一世纪，动物园把野生动物关在笼子里已经过时和令人愤慨，我们不再需要它们。,我们应该废除动物园。
30426,动物园导致动物虐待的增加。,我们应该废除动物园
30427,动物园在不自然、拥挤的条件下维持动物——它们被利用为付费公众的利益，对它们的幸福和福利关注甚少。,我们应该废除动物园
30428,动物园让保护濒危动物免于灭绝成为可能。,我们应该废除动物园
30429,动物园意味着一些动物被拯救免于灭绝。,我们应该废除动物园
30430,动物园必须被废除，因为这不是自然环境，对动物来说是一种残忍和压迫。,我们应该废除动物园。
30431,动物园为人们提供了一个方便、廉价的方式，可以观赏和学习来自世界各地的动物。,我们应该废除动物园
30432,动物园为人们提供了欣赏动物生命奇迹的机会，它们可以帮助拯救濒临灭绝的物种，如果不受保护就会灭绝。,我们应该废除动物园。
30433,动物园为许多生物提供庇护所，同时提供适当的医疗照护，并为那些在野外无法生存的动物进行繁殖。,我们应该废除动物园
30434,动物园通常展示了较低的动物福利标准，因为它们旨在为业主创造利润 - 本质上是在环境“保护”的幌子下进行剥削。,我们应该废除动物园。
30435,动物园经常收留受伤的动物，这些动物在野外可能无法生存。,我们应该废除动物园
30436,动物园只是为了展览动物，并不通过任何形式的慈善活动来关爱动物。,我们应该废除动物园
30437,动物园应该被废除，因为它们本质上是那些野生动物的监狱，这些动物往往会变得攻击性。,我们应该废除动物园
30438,动物园将动物关在笼子里，置身于虚假的环境中。动物连找伴侣的机会都没有。动物应该自由自在地漫游，而不是被关起来。,我们应该废除动物园。
30439,动物园在保护濒危物种方面发挥着至关重要的作用。,我们应该废除动物园
30440,动物园在许多物种保护工作中起着重要作用，并鼓励孩子们对动物和世界生态学更感兴趣。,我们应该废除动物园。
30441,动物园阻止动物回归自然栖息地，将它们囚禁在围栏内，忽视它们在野外生存的本能。,我们应该废除动物园
30442,动物园促进了动物福利意识。去动物园的孩子更有可能想要帮助保护和保护这些动物。,我们应该废除动物园。
30443,动物园保护濒危物种，是保护自然资源的先行者。,我们应该废除动物园
30444,动物园保护了许多濒临灭绝的动物，应该继续保持开放。,我们应该废除动物园
30445,动物园保护物种并提供学习机会,我们应该废除动物园
30446,动物园为人们提供了解自然和动物世界的平台。,我们应该废除动物园
30447,动物园为那些在自然界可能无法幸存的动物提供了一个安全的避风港。,我们应该废除动物园
30448,动物园为那些无法在户外生存的动物提供了一个安全的生活环境。,我们应该废除动物园。
30449,动物园为孩子们提供了一种独特的体验，否则他们不会有机会获得。,我们应该废除动物园
30450,动物园为各个年龄段提供了教育机会。,我们应该废除动物园
30451,动物园为孩子提供了绝佳的学习机会。,我们应该废除动物园
30452,动物园为许多儿童提供了绝佳的学习机会。,我们应该废除动物园。
30453,动物园为人们提供了一个了解来自世界各地动物的绝佳途径。,我们应该废除动物园
30454,动物园发挥着重要的保护作用 - 对于某些在自然界中本来可能已经灭绝的物种来说，动物园是它们最后的庇护所，这些动物的丧失将是一场悲剧。,我们应该废除动物园
30455,动物园提供了拯救许多濒临灭绝动物物种的机会，因此动物园不应被废除以拯救动物。,我们应该废除动物园
30456,动物园为那些无法在野外生存的动物提供照料。,我们应该废除动物园。
30457,动物园在防止濒危物种灭绝方面提供了重要工作。,我们应该废除动物园。
30458,动物园为那些在野外无法生存的动物提供食物和医疗照护。,我们应该废除动物园
30459,动物园为野生动物提供了不人道和残忍的监狱，基于人道原因应该废除。,我们应该废除动物园。
30460,动物园为受伤动物提供康复服务。,我们应该废除动物园。
30461,动物园为孩子们提供了一个安全的环境，让他们可以学习动物知识，而不必担心来自野生动物的危险。,我们应该废除动物园
30462,动物园为一些濒临灭绝物种提供了唯一的生存场所，它们是至关重要的，我们不应该废除它们，而是应该支持它们及其繁育项目。,我们应该废除动物园。
30463,动物园通过教育和保护濒危物种为世界提供了一项服务。,我们应该废除动物园
30464,动物园提供宝贵的科学研究，通常是维持脆弱动物种群的唯一实际途径，它们必须被保护。,我们应该废除动物园
30465,动物园把动物关在笼子里，剥夺它们的自由，这是不人道的。,我们应该废除动物园
30466,动物园声称它们有助于繁殖濒危动物群体，但很少有任何它们繁殖的动物被释放回野外。相反，它们被留在动物园以谋利。,我们应该废除动物园
30467,动物园的作用在于教育人们了解动物，并照顾那些在野外无法生存的动物。,我们应该废除动物园。
30468,动物园用来囚禁动物并展示它们供娱乐。,我们应该废除动物园。
30469,动物园的作用是保护和培育那些受伤或无法在野外独自生存的动物。,我们应该废除动物园
30470,动物园应该被废除，因为囚禁动物是残酷和不人道的。,我们应该废除动物园
30471,动物园应该被废除，因为囚禁动物是残忍的。,我们应该废除动物园。
30472,动物园应该被废除，因为将动物关押在囚禁中用于娱乐是残忍的。,我们应该废除动物园
30473,动物园应该被废除，因为动物的生命次于人类的生命。,我们应该废除动物园
30474,动物园应该被废除，因为它们让动物生活在不自然的栖息地里。,我们应该废除动物园。
30475,动物园应该被废除，因为它们限制了动物的自然行为，并且往往条件很差。,我们应该废除动物园
30476,动物应该生活在自由中，动物园应该被废除。,我们应该废除动物园。
30477,动物园应该被废除，让动物被关在笼子里和受限是不自然的，它们应该留在它们的自然栖息地里。,我们应该废除动物园
30478,动物园应该被废除，这样动物才能在允许它们自由漫步的环境中茁壮成长。,我们应该废除动物园
30479,动物园应该废除。动物有权利不被关在笼子里供人类日常观赏。,我们应该废除动物园
30480,动物园应该被禁止，因为动物被关在狭小的空间里。,我们应该废除动物园。
30481,动物园不应该被废除，因为它们正在努力防止物种灭绝，并将动物重新引入其自然环境,我们应该废除动物园
30482,动物园不应该被废除，因为它们为一些濒临灭绝的动物提供了复苏的机会，并为它们的生存提供了安全的环境。,我们应该废除动物园。
30483,动物园不应该被废除，因为它们与濒危物种进行重要的保育工作。,我们应该废除动物园。
30484,动物园不应该被废除。动物们在那里得到了它们的自然栖息地，对人们来说也是一个很好的学习资源。,我们应该废除动物园
30485,动物园不应该被废除，因为它们提供了教育资源。,我们应该废除动物园。
30486,动物园展示动物在不自然的环境中，尽管在围栏中添加了丰富的环境丰富性，但无法提供动物所需的自然环境，这对动物的健康造成了不利影响。,我们应该废除动物园
30487,动物园会把动物从它们的自然生态环境中带走。,我们应该废除动物园
30488,动物园会从它们的自然栖息地带走动物。,我们应该废除动物园
30489,动物园会把动物从它们的自然栖息地带走，关押在陌生和残酷的环境中。,我们应该废除动物园
30490,动物园为了利润从动物的自然栖息地带走动物。,我们应该废除动物园
30491,动物园将动物从它们正常的环境中带走，仅为了人类的娱乐。这是不道德的，应该被禁止。,我们应该废除动物园。
30492,动物园通过将动物关在不自然的笼子里来虐待动物。,我们应该废除动物园
30493,动物园将动物困在人工环境中。,我们应该废除动物园
30494,动物园将动物困住在毫无意义的生活中，只为逗乐人类围观者。,我们应该废除动物园
30495,动物园虐待动物，应立即关闭。,我们应该废除动物园
30496,动物园不公正地囚禁动物并给它们造成伤害。,我们应该取消动物园
30497,动物园是教育中心，不是动物灭绝的原因，相反，它们帮助避免了这种情况发生，这就是为什么我们不应该废除动物园。,我们应该废除动物园。
30498,动物园致力于帮助繁育濒危物种。,我们应该废除动物园
